"Country Name","Country Code","Indicator Name","Indicator Code","1960","1961","1962","1963","1964","1965","1966","1967","1968","1969","1970","1971","1972","1973","1974","1975","1976","1977","1978","1979","1980","1981","1982","1983","1984","1985","1986","1987","1988","1989","1990","1991","1992","1993","1994","1995","1996","1997","1998","1999","2000","2001","2002","2003","2004","2005","2006","2007","2008","2009","2010","2011","2012","2013","2014","2015","2016","2017","2018","2019","2020","2021","2022","2023",
"Aruba","ABW","Índice de facilidad para hacer negocios (1 = reglamentaciones más favorables para los negocios)","IC.BUS.EASE.XQ","","","","","","","","","","","","","","","","","","","","","","","","","","","","","","","","","","","","","","","","","","","","","","","","","","","","","","","","","","","","","","","","",
"","AFE","Índice de facilidad para hacer negocios (1 = reglamentaciones más favorables para los negocios)","IC.BUS.EASE.XQ","","","","","","","","","","","","","","","","","","","","","","","","","","","","","","","","","","","","","","","","","","","","","","","","","","","","","","","","","","","","","","","","",
"Afganistán","AFG","Índice de facilidad para hacer negocios (1 = reglamentaciones más favorables para los negocios)","IC.BUS.EASE.XQ","","","","","","","","","","","","","","","","","","","","","","","","","","","","","","","","","","","","","","","","","","","","","","","","","","","","","","","","","","","","173","","","","",
"","AFW","Índice de facilidad para hacer negocios (1 = reglamentaciones más favorables para los negocios)","IC.BUS.EASE.XQ","","","","","","","","","","","","","","","","","","","","","","","","","","","","","","","","","","","","","","","","","","","","","","","","","","","","","","","","","","","","","","","","",
"Angola","AGO","Índice de facilidad para hacer negocios (1 = reglamentaciones más favorables para los negocios)","IC.BUS.EASE.XQ","","","","","","","","","","","","","","","","","","","","","","","","","","","","","","","","","","","","","","","","","","","","","","","","","","","","","","","","","","","","177","","","","",
"Albania","ALB","Índice de facilidad para hacer negocios (1 = reglamentaciones más favorables para los negocios)","IC.BUS.EASE.XQ","","","","","","","","","","","","","","","","","","","","","","","","","","","","","","","","","","","","","","","","","","","","","","","","","","","","","","","","","","","","82","","","","",
"Andorra","AND","Índice de facilidad para hacer negocios (1 = reglamentaciones más favorables para los negocios)","IC.BUS.EASE.XQ","","","","","","","","","","","","","","","","","","","","","","","","","","","","","","","","","","","","","","","","","","","","","","","","","","","","","","","","","","","","","","","","",
"El mundo árabe","ARB","Índice de facilidad para hacer negocios (1 = reglamentaciones más favorables para los negocios)","IC.BUS.EASE.XQ","","","","","","","","","","","","","","","","","","","","","","","","","","","","","","","","","","","","","","","","","","","","","","","","","","","","","","","","","","","","","","","","",
"Emiratos Árabes Unidos","ARE","Índice de facilidad para hacer negocios (1 = reglamentaciones más favorables para los negocios)","IC.BUS.EASE.XQ","","","","","","","","","","","","","","","","","","","","","","","","","","","","","","","","","","","","","","","","","","","","","","","","","","","","","","","","","","","","16","","","","",
"Argentina","ARG","Índice de facilidad para hacer negocios (1 = reglamentaciones más favorables para los negocios)","IC.BUS.EASE.XQ","","","","","","","","","","","","","","","","","","","","","","","","","","","","","","","","","","","","","","","","","","","","","","","","","","","","","","","","","","","","126","","","","",
"Armenia","ARM","Índice de facilidad para hacer negocios (1 = reglamentaciones más favorables para los negocios)","IC.BUS.EASE.XQ","","","","","","","","","","","","","","","","","","","","","","","","","","","","","","","","","","","","","","","","","","","","","","","","","","","","","","","","","","","","47","","","","",
"Samoa Americana","ASM","Índice de facilidad para hacer negocios (1 = reglamentaciones más favorables para los negocios)","IC.BUS.EASE.XQ","","","","","","","","","","","","","","","","","","","","","","","","","","","","","","","","","","","","","","","","","","","","","","","","","","","","","","","","","","","","","","","","",
"Antigua y Barbuda","ATG","Índice de facilidad para hacer negocios (1 = reglamentaciones más favorables para los negocios)","IC.BUS.EASE.XQ","","","","","","","","","","","","","","","","","","","","","","","","","","","","","","","","","","","","","","","","","","","","","","","","","","","","","","","","","","","","113","","","","",
"Australia","AUS","Índice de facilidad para hacer negocios (1 = reglamentaciones más favorables para los negocios)","IC.BUS.EASE.XQ","","","","","","","","","","","","","","","","","","","","","","","","","","","","","","","","","","","","","","","","","","","","","","","","","","","","","","","","","","","","14","","","","",
"Austria","AUT","Índice de facilidad para hacer negocios (1 = reglamentaciones más favorables para los negocios)","IC.BUS.EASE.XQ","","","","","","","","","","","","","","","","","","","","","","","","","","","","","","","","","","","","","","","","","","","","","","","","","","","","","","","","","","","","27","","","","",
"Azerbaiyán","AZE","Índice de facilidad para hacer negocios (1 = reglamentaciones más favorables para los negocios)","IC.BUS.EASE.XQ","","","","","","","","","","","","","","","","","","","","","","","","","","","","","","","","","","","","","","","","","","","","","","","","","","","","","","","","","","","","28","","","","",
"Burundi","BDI","Índice de facilidad para hacer negocios (1 = reglamentaciones más favorables para los negocios)","IC.BUS.EASE.XQ","","","","","","","","","","","","","","","","","","","","","","","","","","","","","","","","","","","","","","","","","","","","","","","","","","","","","","","","","","","","166","","","","",
"Bélgica","BEL","Índice de facilidad para hacer negocios (1 = reglamentaciones más favorables para los negocios)","IC.BUS.EASE.XQ","","","","","","","","","","","","","","","","","","","","","","","","","","","","","","","","","","","","","","","","","","","","","","","","","","","","","","","","","","","","46","","","","",
"Benin","BEN","Índice de facilidad para hacer negocios (1 = reglamentaciones más favorables para los negocios)","IC.BUS.EASE.XQ","","","","","","","","","","","","","","","","","","","","","","","","","","","","","","","","","","","","","","","","","","","","","","","","","","","","","","","","","","","","149","","","","",
"Burkina Faso","BFA","Índice de facilidad para hacer negocios (1 = reglamentaciones más favorables para los negocios)","IC.BUS.EASE.XQ","","","","","","","","","","","","","","","","","","","","","","","","","","","","","","","","","","","","","","","","","","","","","","","","","","","","","","","","","","","","151","","","","",
"Bangladesh","BGD","Índice de facilidad para hacer negocios (1 = reglamentaciones más favorables para los negocios)","IC.BUS.EASE.XQ","","","","","","","","","","","","","","","","","","","","","","","","","","","","","","","","","","","","","","","","","","","","","","","","","","","","","","","","","","","","168","","","","",
"Bulgaria","BGR","Índice de facilidad para hacer negocios (1 = reglamentaciones más favorables para los negocios)","IC.BUS.EASE.XQ","","","","","","","","","","","","","","","","","","","","","","","","","","","","","","","","","","","","","","","","","","","","","","","","","","","","","","","","","","","","61","","","","",
"Bahrein","BHR","Índice de facilidad para hacer negocios (1 = reglamentaciones más favorables para los negocios)","IC.BUS.EASE.XQ","","","","","","","","","","","","","","","","","","","","","","","","","","","","","","","","","","","","","","","","","","","","","","","","","","","","","","","","","","","","43","","","","",
"Bahamas","BHS","Índice de facilidad para hacer negocios (1 = reglamentaciones más favorables para los negocios)","IC.BUS.EASE.XQ","","","","","","","","","","","","","","","","","","","","","","","","","","","","","","","","","","","","","","","","","","","","","","","","","","","","","","","","","","","","119","","","","",
"Bosnia y Herzegovina","BIH","Índice de facilidad para hacer negocios (1 = reglamentaciones más favorables para los negocios)","IC.BUS.EASE.XQ","","","","","","","","","","","","","","","","","","","","","","","","","","","","","","","","","","","","","","","","","","","","","","","","","","","","","","","","","","","","90","","","","",
"Belarús","BLR","Índice de facilidad para hacer negocios (1 = reglamentaciones más favorables para los negocios)","IC.BUS.EASE.XQ","","","","","","","","","","","","","","","","","","","","","","","","","","","","","","","","","","","","","","","","","","","","","","","","","","","","","","","","","","","","49","","","","",
"Belice","BLZ","Índice de facilidad para hacer negocios (1 = reglamentaciones más favorables para los negocios)","IC.BUS.EASE.XQ","","","","","","","","","","","","","","","","","","","","","","","","","","","","","","","","","","","","","","","","","","","","","","","","","","","","","","","","","","","","135","","","","",
"Bermudas","BMU","Índice de facilidad para hacer negocios (1 = reglamentaciones más favorables para los negocios)","IC.BUS.EASE.XQ","","","","","","","","","","","","","","","","","","","","","","","","","","","","","","","","","","","","","","","","","","","","","","","","","","","","","","","","","","","","","","","","",
"Bolivia","BOL","Índice de facilidad para hacer negocios (1 = reglamentaciones más favorables para los negocios)","IC.BUS.EASE.XQ","","","","","","","","","","","","","","","","","","","","","","","","","","","","","","","","","","","","","","","","","","","","","","","","","","","","","","","","","","","","150","","","","",
"Brasil","BRA","Índice de facilidad para hacer negocios (1 = reglamentaciones más favorables para los negocios)","IC.BUS.EASE.XQ","","","","","","","","","","","","","","","","","","","","","","","","","","","","","","","","","","","","","","","","","","","","","","","","","","","","","","","","","","","","124","","","","",
"Barbados","BRB","Índice de facilidad para hacer negocios (1 = reglamentaciones más favorables para los negocios)","IC.BUS.EASE.XQ","","","","","","","","","","","","","","","","","","","","","","","","","","","","","","","","","","","","","","","","","","","","","","","","","","","","","","","","","","","","128","","","","",
"Brunei Darussalam","BRN","Índice de facilidad para hacer negocios (1 = reglamentaciones más favorables para los negocios)","IC.BUS.EASE.XQ","","","","","","","","","","","","","","","","","","","","","","","","","","","","","","","","","","","","","","","","","","","","","","","","","","","","","","","","","","","","66","","","","",
"Bhután","BTN","Índice de facilidad para hacer negocios (1 = reglamentaciones más favorables para los negocios)","IC.BUS.EASE.XQ","","","","","","","","","","","","","","","","","","","","","","","","","","","","","","","","","","","","","","","","","","","","","","","","","","","","","","","","","","","","89","","","","",
"Botswana","BWA","Índice de facilidad para hacer negocios (1 = reglamentaciones más favorables para los negocios)","IC.BUS.EASE.XQ","","","","","","","","","","","","","","","","","","","","","","","","","","","","","","","","","","","","","","","","","","","","","","","","","","","","","","","","","","","","87","","","","",
"República Centroafricana","CAF","Índice de facilidad para hacer negocios (1 = reglamentaciones más favorables para los negocios)","IC.BUS.EASE.XQ","","","","","","","","","","","","","","","","","","","","","","","","","","","","","","","","","","","","","","","","","","","","","","","","","","","","","","","","","","","","184","","","","",
"Canadá","CAN","Índice de facilidad para hacer negocios (1 = reglamentaciones más favorables para los negocios)","IC.BUS.EASE.XQ","","","","","","","","","","","","","","","","","","","","","","","","","","","","","","","","","","","","","","","","","","","","","","","","","","","","","","","","","","","","23","","","","",
"Europa Central y del Báltico","CEB","Índice de facilidad para hacer negocios (1 = reglamentaciones más favorables para los negocios)","IC.BUS.EASE.XQ","","","","","","","","","","","","","","","","","","","","","","","","","","","","","","","","","","","","","","","","","","","","","","","","","","","","","","","","","","","","","","","","",
"Suiza","CHE","Índice de facilidad para hacer negocios (1 = reglamentaciones más favorables para los negocios)","IC.BUS.EASE.XQ","","","","","","","","","","","","","","","","","","","","","","","","","","","","","","","","","","","","","","","","","","","","","","","","","","","","","","","","","","","","36","","","","",
"Islas del Canal","CHI","Índice de facilidad para hacer negocios (1 = reglamentaciones más favorables para los negocios)","IC.BUS.EASE.XQ","","","","","","","","","","","","","","","","","","","","","","","","","","","","","","","","","","","","","","","","","","","","","","","","","","","","","","","","","","","","","","","","",
"Chile","CHL","Índice de facilidad para hacer negocios (1 = reglamentaciones más favorables para los negocios)","IC.BUS.EASE.XQ","","","","","","","","","","","","","","","","","","","","","","","","","","","","","","","","","","","","","","","","","","","","","","","","","","","","","","","","","","","","59","","","","",
"China","CHN","Índice de facilidad para hacer negocios (1 = reglamentaciones más favorables para los negocios)","IC.BUS.EASE.XQ","","","","","","","","","","","","","","","","","","","","","","","","","","","","","","","","","","","","","","","","","","","","","","","","","","","","","","","","","","","","32","","","","",
"Côte d'Ivoire","CIV","Índice de facilidad para hacer negocios (1 = reglamentaciones más favorables para los negocios)","IC.BUS.EASE.XQ","","","","","","","","","","","","","","","","","","","","","","","","","","","","","","","","","","","","","","","","","","","","","","","","","","","","","","","","","","","","110","","","","",
"Camerún","CMR","Índice de facilidad para hacer negocios (1 = reglamentaciones más favorables para los negocios)","IC.BUS.EASE.XQ","","","","","","","","","","","","","","","","","","","","","","","","","","","","","","","","","","","","","","","","","","","","","","","","","","","","","","","","","","","","167","","","","",
"Congo, República Democrática del","COD","Índice de facilidad para hacer negocios (1 = reglamentaciones más favorables para los negocios)","IC.BUS.EASE.XQ","","","","","","","","","","","","","","","","","","","","","","","","","","","","","","","","","","","","","","","","","","","","","","","","","","","","","","","","","","","","183","","","","",
"Congo, República del","COG","Índice de facilidad para hacer negocios (1 = reglamentaciones más favorables para los negocios)","IC.BUS.EASE.XQ","","","","","","","","","","","","","","","","","","","","","","","","","","","","","","","","","","","","","","","","","","","","","","","","","","","","","","","","","","","","180","","","","",
"Colombia","COL","Índice de facilidad para hacer negocios (1 = reglamentaciones más favorables para los negocios)","IC.BUS.EASE.XQ","","","","","","","","","","","","","","","","","","","","","","","","","","","","","","","","","","","","","","","","","","","","","","","","","","","","","","","","","","","","67","","","","",
"Comoras","COM","Índice de facilidad para hacer negocios (1 = reglamentaciones más favorables para los negocios)","IC.BUS.EASE.XQ","","","","","","","","","","","","","","","","","","","","","","","","","","","","","","","","","","","","","","","","","","","","","","","","","","","","","","","","","","","","160","","","","",
"Cabo Verde","CPV","Índice de facilidad para hacer negocios (1 = reglamentaciones más favorables para los negocios)","IC.BUS.EASE.XQ","","","","","","","","","","","","","","","","","","","","","","","","","","","","","","","","","","","","","","","","","","","","","","","","","","","","","","","","","","","","137","","","","",
"Costa Rica","CRI","Índice de facilidad para hacer negocios (1 = reglamentaciones más favorables para los negocios)","IC.BUS.EASE.XQ","","","","","","","","","","","","","","","","","","","","","","","","","","","","","","","","","","","","","","","","","","","","","","","","","","","","","","","","","","","","74","","","","",
"Estados pequeos del Caribe","CSS","Índice de facilidad para hacer negocios (1 = reglamentaciones más favorables para los negocios)","IC.BUS.EASE.XQ","","","","","","","","","","","","","","","","","","","","","","","","","","","","","","","","","","","","","","","","","","","","","","","","","","","","","","","","","","","","","","","","",
"Cuba","CUB","Índice de facilidad para hacer negocios (1 = reglamentaciones más favorables para los negocios)","IC.BUS.EASE.XQ","","","","","","","","","","","","","","","","","","","","","","","","","","","","","","","","","","","","","","","","","","","","","","","","","","","","","","","","","","","","","","","","",
"Curacao","CUW","Índice de facilidad para hacer negocios (1 = reglamentaciones más favorables para los negocios)","IC.BUS.EASE.XQ","","","","","","","","","","","","","","","","","","","","","","","","","","","","","","","","","","","","","","","","","","","","","","","","","","","","","","","","","","","","","","","","",
"Islas Caimán","CYM","Índice de facilidad para hacer negocios (1 = reglamentaciones más favorables para los negocios)","IC.BUS.EASE.XQ","","","","","","","","","","","","","","","","","","","","","","","","","","","","","","","","","","","","","","","","","","","","","","","","","","","","","","","","","","","","","","","","",
"Chipre","CYP","Índice de facilidad para hacer negocios (1 = reglamentaciones más favorables para los negocios)","IC.BUS.EASE.XQ","","","","","","","","","","","","","","","","","","","","","","","","","","","","","","","","","","","","","","","","","","","","","","","","","","","","","","","","","","","","54","","","","",
"República Checa","CZE","Índice de facilidad para hacer negocios (1 = reglamentaciones más favorables para los negocios)","IC.BUS.EASE.XQ","","","","","","","","","","","","","","","","","","","","","","","","","","","","","","","","","","","","","","","","","","","","","","","","","","","","","","","","","","","","41","","","","",
"Alemania","DEU","Índice de facilidad para hacer negocios (1 = reglamentaciones más favorables para los negocios)","IC.BUS.EASE.XQ","","","","","","","","","","","","","","","","","","","","","","","","","","","","","","","","","","","","","","","","","","","","","","","","","","","","","","","","","","","","22","","","","",
"Djibouti","DJI","Índice de facilidad para hacer negocios (1 = reglamentaciones más favorables para los negocios)","IC.BUS.EASE.XQ","","","","","","","","","","","","","","","","","","","","","","","","","","","","","","","","","","","","","","","","","","","","","","","","","","","","","","","","","","","","112","","","","",
"Dominica","DMA","Índice de facilidad para hacer negocios (1 = reglamentaciones más favorables para los negocios)","IC.BUS.EASE.XQ","","","","","","","","","","","","","","","","","","","","","","","","","","","","","","","","","","","","","","","","","","","","","","","","","","","","","","","","","","","","111","","","","",
"Dinamarca","DNK","Índice de facilidad para hacer negocios (1 = reglamentaciones más favorables para los negocios)","IC.BUS.EASE.XQ","","","","","","","","","","","","","","","","","","","","","","","","","","","","","","","","","","","","","","","","","","","","","","","","","","","","","","","","","","","","4","","","","",
"República Dominicana","DOM","Índice de facilidad para hacer negocios (1 = reglamentaciones más favorables para los negocios)","IC.BUS.EASE.XQ","","","","","","","","","","","","","","","","","","","","","","","","","","","","","","","","","","","","","","","","","","","","","","","","","","","","","","","","","","","","115","","","","",
"Argelia","DZA","Índice de facilidad para hacer negocios (1 = reglamentaciones más favorables para los negocios)","IC.BUS.EASE.XQ","","","","","","","","","","","","","","","","","","","","","","","","","","","","","","","","","","","","","","","","","","","","","","","","","","","","","","","","","","","","157","","","","",
"Asia oriental y el Pacífico (excluido altos ingresos)","EAP","Índice de facilidad para hacer negocios (1 = reglamentaciones más favorables para los negocios)","IC.BUS.EASE.XQ","","","","","","","","","","","","","","","","","","","","","","","","","","","","","","","","","","","","","","","","","","","","","","","","","","","","","","","","","","","","","","","","",
"inicial del dividendo demográfico","EAR","Índice de facilidad para hacer negocios (1 = reglamentaciones más favorables para los negocios)","IC.BUS.EASE.XQ","","","","","","","","","","","","","","","","","","","","","","","","","","","","","","","","","","","","","","","","","","","","","","","","","","","","","","","","","","","","","","","","",
"Asia oriental y el Pacífico","EAS","Índice de facilidad para hacer negocios (1 = reglamentaciones más favorables para los negocios)","IC.BUS.EASE.XQ","","","","","","","","","","","","","","","","","","","","","","","","","","","","","","","","","","","","","","","","","","","","","","","","","","","","","","","","","","","","","","","","",
"Europa y Asia central (excluido altos ingresos)","ECA","Índice de facilidad para hacer negocios (1 = reglamentaciones más favorables para los negocios)","IC.BUS.EASE.XQ","","","","","","","","","","","","","","","","","","","","","","","","","","","","","","","","","","","","","","","","","","","","","","","","","","","","","","","","","","","","","","","","",
"Europa y Asia central","ECS","Índice de facilidad para hacer negocios (1 = reglamentaciones más favorables para los negocios)","IC.BUS.EASE.XQ","","","","","","","","","","","","","","","","","","","","","","","","","","","","","","","","","","","","","","","","","","","","","","","","","","","","","","","","","","","","","","","","",
"Ecuador","ECU","Índice de facilidad para hacer negocios (1 = reglamentaciones más favorables para los negocios)","IC.BUS.EASE.XQ","","","","","","","","","","","","","","","","","","","","","","","","","","","","","","","","","","","","","","","","","","","","","","","","","","","","","","","","","","","","129","","","","",
"Egipto, República Árabe de","EGY","Índice de facilidad para hacer negocios (1 = reglamentaciones más favorables para los negocios)","IC.BUS.EASE.XQ","","","","","","","","","","","","","","","","","","","","","","","","","","","","","","","","","","","","","","","","","","","","","","","","","","","","","","","","","","","","114","","","","",
"Zona del Euro","EMU","Índice de facilidad para hacer negocios (1 = reglamentaciones más favorables para los negocios)","IC.BUS.EASE.XQ","","","","","","","","","","","","","","","","","","","","","","","","","","","","","","","","","","","","","","","","","","","","","","","","","","","","","","","","","","","","","","","","",
"Eritrea","ERI","Índice de facilidad para hacer negocios (1 = reglamentaciones más favorables para los negocios)","IC.BUS.EASE.XQ","","","","","","","","","","","","","","","","","","","","","","","","","","","","","","","","","","","","","","","","","","","","","","","","","","","","","","","","","","","","189","","","","",
"España","ESP","Índice de facilidad para hacer negocios (1 = reglamentaciones más favorables para los negocios)","IC.BUS.EASE.XQ","","","","","","","","","","","","","","","","","","","","","","","","","","","","","","","","","","","","","","","","","","","","","","","","","","","","","","","","","","","","31","","","","",
"Estonia","EST","Índice de facilidad para hacer negocios (1 = reglamentaciones más favorables para los negocios)","IC.BUS.EASE.XQ","","","","","","","","","","","","","","","","","","","","","","","","","","","","","","","","","","","","","","","","","","","","","","","","","","","","","","","","","","","","18","","","","",
"Etiopía","ETH","Índice de facilidad para hacer negocios (1 = reglamentaciones más favorables para los negocios)","IC.BUS.EASE.XQ","","","","","","","","","","","","","","","","","","","","","","","","","","","","","","","","","","","","","","","","","","","","","","","","","","","","","","","","","","","","159","","","","",
"Unión Europea","EUU","Índice de facilidad para hacer negocios (1 = reglamentaciones más favorables para los negocios)","IC.BUS.EASE.XQ","","","","","","","","","","","","","","","","","","","","","","","","","","","","","","","","","","","","","","","","","","","","","","","","","","","","","","","","","","","","","","","","",
"Frágiles y situaciones de conflicto afectados","FCS","Índice de facilidad para hacer negocios (1 = reglamentaciones más favorables para los negocios)","IC.BUS.EASE.XQ","","","","","","","","","","","","","","","","","","","","","","","","","","","","","","","","","","","","","","","","","","","","","","","","","","","","","","","","","","","","","","","","",
"Finlandia","FIN","Índice de facilidad para hacer negocios (1 = reglamentaciones más favorables para los negocios)","IC.BUS.EASE.XQ","","","","","","","","","","","","","","","","","","","","","","","","","","","","","","","","","","","","","","","","","","","","","","","","","","","","","","","","","","","","20","","","","",
"Fiji","FJI","Índice de facilidad para hacer negocios (1 = reglamentaciones más favorables para los negocios)","IC.BUS.EASE.XQ","","","","","","","","","","","","","","","","","","","","","","","","","","","","","","","","","","","","","","","","","","","","","","","","","","","","","","","","","","","","102","","","","",
"Francia","FRA","Índice de facilidad para hacer negocios (1 = reglamentaciones más favorables para los negocios)","IC.BUS.EASE.XQ","","","","","","","","","","","","","","","","","","","","","","","","","","","","","","","","","","","","","","","","","","","","","","","","","","","","","","","","","","","","33","","","","",
"Islas Feroe","FRO","Índice de facilidad para hacer negocios (1 = reglamentaciones más favorables para los negocios)","IC.BUS.EASE.XQ","","","","","","","","","","","","","","","","","","","","","","","","","","","","","","","","","","","","","","","","","","","","","","","","","","","","","","","","","","","","","","","","",
"Micronesia (Estados Federados de)","FSM","Índice de facilidad para hacer negocios (1 = reglamentaciones más favorables para los negocios)","IC.BUS.EASE.XQ","","","","","","","","","","","","","","","","","","","","","","","","","","","","","","","","","","","","","","","","","","","","","","","","","","","","","","","","","","","","158","","","","",
"Gabón","GAB","Índice de facilidad para hacer negocios (1 = reglamentaciones más favorables para los negocios)","IC.BUS.EASE.XQ","","","","","","","","","","","","","","","","","","","","","","","","","","","","","","","","","","","","","","","","","","","","","","","","","","","","","","","","","","","","169","","","","",
"Reino Unido","GBR","Índice de facilidad para hacer negocios (1 = reglamentaciones más favorables para los negocios)","IC.BUS.EASE.XQ","","","","","","","","","","","","","","","","","","","","","","","","","","","","","","","","","","","","","","","","","","","","","","","","","","","","","","","","","","","","8","","","","",
"Georgia","GEO","Índice de facilidad para hacer negocios (1 = reglamentaciones más favorables para los negocios)","IC.BUS.EASE.XQ","","","","","","","","","","","","","","","","","","","","","","","","","","","","","","","","","","","","","","","","","","","","","","","","","","","","","","","","","","","","7","","","","",
"Ghana","GHA","Índice de facilidad para hacer negocios (1 = reglamentaciones más favorables para los negocios)","IC.BUS.EASE.XQ","","","","","","","","","","","","","","","","","","","","","","","","","","","","","","","","","","","","","","","","","","","","","","","","","","","","","","","","","","","","118","","","","",
"Gibraltar","GIB","Índice de facilidad para hacer negocios (1 = reglamentaciones más favorables para los negocios)","IC.BUS.EASE.XQ","","","","","","","","","","","","","","","","","","","","","","","","","","","","","","","","","","","","","","","","","","","","","","","","","","","","","","","","","","","","","","","","",
"Guinea","GIN","Índice de facilidad para hacer negocios (1 = reglamentaciones más favorables para los negocios)","IC.BUS.EASE.XQ","","","","","","","","","","","","","","","","","","","","","","","","","","","","","","","","","","","","","","","","","","","","","","","","","","","","","","","","","","","","156","","","","",
"Gambia","GMB","Índice de facilidad para hacer negocios (1 = reglamentaciones más favorables para los negocios)","IC.BUS.EASE.XQ","","","","","","","","","","","","","","","","","","","","","","","","","","","","","","","","","","","","","","","","","","","","","","","","","","","","","","","","","","","","155","","","","",
"Guinea-Bissau","GNB","Índice de facilidad para hacer negocios (1 = reglamentaciones más favorables para los negocios)","IC.BUS.EASE.XQ","","","","","","","","","","","","","","","","","","","","","","","","","","","","","","","","","","","","","","","","","","","","","","","","","","","","","","","","","","","","174","","","","",
"Guinea Ecuatorial","GNQ","Índice de facilidad para hacer negocios (1 = reglamentaciones más favorables para los negocios)","IC.BUS.EASE.XQ","","","","","","","","","","","","","","","","","","","","","","","","","","","","","","","","","","","","","","","","","","","","","","","","","","","","","","","","","","","","178","","","","",
"Grecia","GRC","Índice de facilidad para hacer negocios (1 = reglamentaciones más favorables para los negocios)","IC.BUS.EASE.XQ","","","","","","","","","","","","","","","","","","","","","","","","","","","","","","","","","","","","","","","","","","","","","","","","","","","","","","","","","","","","79","","","","",
"Granada","GRD","Índice de facilidad para hacer negocios (1 = reglamentaciones más favorables para los negocios)","IC.BUS.EASE.XQ","","","","","","","","","","","","","","","","","","","","","","","","","","","","","","","","","","","","","","","","","","","","","","","","","","","","","","","","","","","","146","","","","",
"Groenlandia","GRL","Índice de facilidad para hacer negocios (1 = reglamentaciones más favorables para los negocios)","IC.BUS.EASE.XQ","","","","","","","","","","","","","","","","","","","","","","","","","","","","","","","","","","","","","","","","","","","","","","","","","","","","","","","","","","","","","","","","",
"Guatemala","GTM","Índice de facilidad para hacer negocios (1 = reglamentaciones más favorables para los negocios)","IC.BUS.EASE.XQ","","","","","","","","","","","","","","","","","","","","","","","","","","","","","","","","","","","","","","","","","","","","","","","","","","","","","","","","","","","","96","","","","",
"Guam","GUM","Índice de facilidad para hacer negocios (1 = reglamentaciones más favorables para los negocios)","IC.BUS.EASE.XQ","","","","","","","","","","","","","","","","","","","","","","","","","","","","","","","","","","","","","","","","","","","","","","","","","","","","","","","","","","","","","","","","",
"Guyana","GUY","Índice de facilidad para hacer negocios (1 = reglamentaciones más favorables para los negocios)","IC.BUS.EASE.XQ","","","","","","","","","","","","","","","","","","","","","","","","","","","","","","","","","","","","","","","","","","","","","","","","","","","","","","","","","","","","134","","","","",
"Ingreso alto","HIC","Índice de facilidad para hacer negocios (1 = reglamentaciones más favorables para los negocios)","IC.BUS.EASE.XQ","","","","","","","","","","","","","","","","","","","","","","","","","","","","","","","","","","","","","","","","","","","","","","","","","","","","","","","","","","","","","","","","",
"Hong Kong, Región Administrativa Especial","HKG","Índice de facilidad para hacer negocios (1 = reglamentaciones más favorables para los negocios)","IC.BUS.EASE.XQ","","","","","","","","","","","","","","","","","","","","","","","","","","","","","","","","","","","","","","","","","","","","","","","","","","","","","","","","","","","","3","","","","",
"Honduras","HND","Índice de facilidad para hacer negocios (1 = reglamentaciones más favorables para los negocios)","IC.BUS.EASE.XQ","","","","","","","","","","","","","","","","","","","","","","","","","","","","","","","","","","","","","","","","","","","","","","","","","","","","","","","","","","","","133","","","","",
"Países pobres muy endeudados (PPME)","HPC","Índice de facilidad para hacer negocios (1 = reglamentaciones más favorables para los negocios)","IC.BUS.EASE.XQ","","","","","","","","","","","","","","","","","","","","","","","","","","","","","","","","","","","","","","","","","","","","","","","","","","","","","","","","","","","","","","","","",
"Croacia","HRV","Índice de facilidad para hacer negocios (1 = reglamentaciones más favorables para los negocios)","IC.BUS.EASE.XQ","","","","","","","","","","","","","","","","","","","","","","","","","","","","","","","","","","","","","","","","","","","","","","","","","","","","","","","","","","","","51","","","","",
"Haití","HTI","Índice de facilidad para hacer negocios (1 = reglamentaciones más favorables para los negocios)","IC.BUS.EASE.XQ","","","","","","","","","","","","","","","","","","","","","","","","","","","","","","","","","","","","","","","","","","","","","","","","","","","","","","","","","","","","179","","","","",
"Hungría","HUN","Índice de facilidad para hacer negocios (1 = reglamentaciones más favorables para los negocios)","IC.BUS.EASE.XQ","","","","","","","","","","","","","","","","","","","","","","","","","","","","","","","","","","","","","","","","","","","","","","","","","","","","","","","","","","","","52","","","","",
"Sólo BIRF","IBD","Índice de facilidad para hacer negocios (1 = reglamentaciones más favorables para los negocios)","IC.BUS.EASE.XQ","","","","","","","","","","","","","","","","","","","","","","","","","","","","","","","","","","","","","","","","","","","","","","","","","","","","","","","","","","","","","","","","",
"BIRF y la AIF","IBT","Índice de facilidad para hacer negocios (1 = reglamentaciones más favorables para los negocios)","IC.BUS.EASE.XQ","","","","","","","","","","","","","","","","","","","","","","","","","","","","","","","","","","","","","","","","","","","","","","","","","","","","","","","","","","","","","","","","",
"total de la AIF","IDA","Índice de facilidad para hacer negocios (1 = reglamentaciones más favorables para los negocios)","IC.BUS.EASE.XQ","","","","","","","","","","","","","","","","","","","","","","","","","","","","","","","","","","","","","","","","","","","","","","","","","","","","","","","","","","","","","","","","",
"mezcla de la AIF","IDB","Índice de facilidad para hacer negocios (1 = reglamentaciones más favorables para los negocios)","IC.BUS.EASE.XQ","","","","","","","","","","","","","","","","","","","","","","","","","","","","","","","","","","","","","","","","","","","","","","","","","","","","","","","","","","","","","","","","",
"Indonesia","IDN","Índice de facilidad para hacer negocios (1 = reglamentaciones más favorables para los negocios)","IC.BUS.EASE.XQ","","","","","","","","","","","","","","","","","","","","","","","","","","","","","","","","","","","","","","","","","","","","","","","","","","","","","","","","","","","","73","","","","",
"Sólo AIF","IDX","Índice de facilidad para hacer negocios (1 = reglamentaciones más favorables para los negocios)","IC.BUS.EASE.XQ","","","","","","","","","","","","","","","","","","","","","","","","","","","","","","","","","","","","","","","","","","","","","","","","","","","","","","","","","","","","","","","","",
"Isla de Man","IMN","Índice de facilidad para hacer negocios (1 = reglamentaciones más favorables para los negocios)","IC.BUS.EASE.XQ","","","","","","","","","","","","","","","","","","","","","","","","","","","","","","","","","","","","","","","","","","","","","","","","","","","","","","","","","","","","","","","","",
"India","IND","Índice de facilidad para hacer negocios (1 = reglamentaciones más favorables para los negocios)","IC.BUS.EASE.XQ","","","","","","","","","","","","","","","","","","","","","","","","","","","","","","","","","","","","","","","","","","","","","","","","","","","","","","","","","","","","62","","","","",
"No clasificado","INX","Índice de facilidad para hacer negocios (1 = reglamentaciones más favorables para los negocios)","IC.BUS.EASE.XQ","","","","","","","","","","","","","","","","","","","","","","","","","","","","","","","","","","","","","","","","","","","","","","","","","","","","","","","","","","","","","","","","",
"Irlanda","IRL","Índice de facilidad para hacer negocios (1 = reglamentaciones más favorables para los negocios)","IC.BUS.EASE.XQ","","","","","","","","","","","","","","","","","","","","","","","","","","","","","","","","","","","","","","","","","","","","","","","","","","","","","","","","","","","","24","","","","",
"Irán, República Islámica del","IRN","Índice de facilidad para hacer negocios (1 = reglamentaciones más favorables para los negocios)","IC.BUS.EASE.XQ","","","","","","","","","","","","","","","","","","","","","","","","","","","","","","","","","","","","","","","","","","","","","","","","","","","","","","","","","","","","127","","","","",
"Iraq","IRQ","Índice de facilidad para hacer negocios (1 = reglamentaciones más favorables para los negocios)","IC.BUS.EASE.XQ","","","","","","","","","","","","","","","","","","","","","","","","","","","","","","","","","","","","","","","","","","","","","","","","","","","","","","","","","","","","172","","","","",
"Islandia","ISL","Índice de facilidad para hacer negocios (1 = reglamentaciones más favorables para los negocios)","IC.BUS.EASE.XQ","","","","","","","","","","","","","","","","","","","","","","","","","","","","","","","","","","","","","","","","","","","","","","","","","","","","","","","","","","","","26","","","","",
"Israel","ISR","Índice de facilidad para hacer negocios (1 = reglamentaciones más favorables para los negocios)","IC.BUS.EASE.XQ","","","","","","","","","","","","","","","","","","","","","","","","","","","","","","","","","","","","","","","","","","","","","","","","","","","","","","","","","","","","35","","","","",
"Italia","ITA","Índice de facilidad para hacer negocios (1 = reglamentaciones más favorables para los negocios)","IC.BUS.EASE.XQ","","","","","","","","","","","","","","","","","","","","","","","","","","","","","","","","","","","","","","","","","","","","","","","","","","","","","","","","","","","","58","","","","",
"Jamaica","JAM","Índice de facilidad para hacer negocios (1 = reglamentaciones más favorables para los negocios)","IC.BUS.EASE.XQ","","","","","","","","","","","","","","","","","","","","","","","","","","","","","","","","","","","","","","","","","","","","","","","","","","","","","","","","","","","","71","","","","",
"Jordania","JOR","Índice de facilidad para hacer negocios (1 = reglamentaciones más favorables para los negocios)","IC.BUS.EASE.XQ","","","","","","","","","","","","","","","","","","","","","","","","","","","","","","","","","","","","","","","","","","","","","","","","","","","","","","","","","","","","75","","","","",
"Japón","JPN","Índice de facilidad para hacer negocios (1 = reglamentaciones más favorables para los negocios)","IC.BUS.EASE.XQ","","","","","","","","","","","","","","","","","","","","","","","","","","","","","","","","","","","","","","","","","","","","","","","","","","","","","","","","","","","","30","","","","",
"Kazajstán","KAZ","Índice de facilidad para hacer negocios (1 = reglamentaciones más favorables para los negocios)","IC.BUS.EASE.XQ","","","","","","","","","","","","","","","","","","","","","","","","","","","","","","","","","","","","","","","","","","","","","","","","","","","","","","","","","","","","25","","","","",
"Kenya","KEN","Índice de facilidad para hacer negocios (1 = reglamentaciones más favorables para los negocios)","IC.BUS.EASE.XQ","","","","","","","","","","","","","","","","","","","","","","","","","","","","","","","","","","","","","","","","","","","","","","","","","","","","","","","","","","","","56","","","","",
"Kirguistán","KGZ","Índice de facilidad para hacer negocios (1 = reglamentaciones más favorables para los negocios)","IC.BUS.EASE.XQ","","","","","","","","","","","","","","","","","","","","","","","","","","","","","","","","","","","","","","","","","","","","","","","","","","","","","","","","","","","","80","","","","",
"Camboya","KHM","Índice de facilidad para hacer negocios (1 = reglamentaciones más favorables para los negocios)","IC.BUS.EASE.XQ","","","","","","","","","","","","","","","","","","","","","","","","","","","","","","","","","","","","","","","","","","","","","","","","","","","","","","","","","","","","144","","","","",
"Kiribati","KIR","Índice de facilidad para hacer negocios (1 = reglamentaciones más favorables para los negocios)","IC.BUS.EASE.XQ","","","","","","","","","","","","","","","","","","","","","","","","","","","","","","","","","","","","","","","","","","","","","","","","","","","","","","","","","","","","164","","","","",
"Saint Kitts y Nevis","KNA","Índice de facilidad para hacer negocios (1 = reglamentaciones más favorables para los negocios)","IC.BUS.EASE.XQ","","","","","","","","","","","","","","","","","","","","","","","","","","","","","","","","","","","","","","","","","","","","","","","","","","","","","","","","","","","","139","","","","",
"Corea, República de","KOR","Índice de facilidad para hacer negocios (1 = reglamentaciones más favorables para los negocios)","IC.BUS.EASE.XQ","","","","","","","","","","","","","","","","","","","","","","","","","","","","","","","","","","","","","","","","","","","","","","","","","","","","","","","","","","","","5","","","","",
"Kuwait","KWT","Índice de facilidad para hacer negocios (1 = reglamentaciones más favorables para los negocios)","IC.BUS.EASE.XQ","","","","","","","","","","","","","","","","","","","","","","","","","","","","","","","","","","","","","","","","","","","","","","","","","","","","","","","","","","","","83","","","","",
"América Latina y el Caribe (excluido altos ingresos)","LAC","Índice de facilidad para hacer negocios (1 = reglamentaciones más favorables para los negocios)","IC.BUS.EASE.XQ","","","","","","","","","","","","","","","","","","","","","","","","","","","","","","","","","","","","","","","","","","","","","","","","","","","","","","","","","","","","","","","","",
"República Democrática Popular Lao","LAO","Índice de facilidad para hacer negocios (1 = reglamentaciones más favorables para los negocios)","IC.BUS.EASE.XQ","","","","","","","","","","","","","","","","","","","","","","","","","","","","","","","","","","","","","","","","","","","","","","","","","","","","","","","","","","","","154","","","","",
"Líbano","LBN","Índice de facilidad para hacer negocios (1 = reglamentaciones más favorables para los negocios)","IC.BUS.EASE.XQ","","","","","","","","","","","","","","","","","","","","","","","","","","","","","","","","","","","","","","","","","","","","","","","","","","","","","","","","","","","","143","","","","",
"Liberia","LBR","Índice de facilidad para hacer negocios (1 = reglamentaciones más favorables para los negocios)","IC.BUS.EASE.XQ","","","","","","","","","","","","","","","","","","","","","","","","","","","","","","","","","","","","","","","","","","","","","","","","","","","","","","","","","","","","175","","","","",
"Libia","LBY","Índice de facilidad para hacer negocios (1 = reglamentaciones más favorables para los negocios)","IC.BUS.EASE.XQ","","","","","","","","","","","","","","","","","","","","","","","","","","","","","","","","","","","","","","","","","","","","","","","","","","","","","","","","","","","","186","","","","",
"Santa Lucía","LCA","Índice de facilidad para hacer negocios (1 = reglamentaciones más favorables para los negocios)","IC.BUS.EASE.XQ","","","","","","","","","","","","","","","","","","","","","","","","","","","","","","","","","","","","","","","","","","","","","","","","","","","","","","","","","","","","93","","","","",
"América Latina y el Caribe","LCN","Índice de facilidad para hacer negocios (1 = reglamentaciones más favorables para los negocios)","IC.BUS.EASE.XQ","","","","","","","","","","","","","","","","","","","","","","","","","","","","","","","","","","","","","","","","","","","","","","","","","","","","","","","","","","","","","","","","",
"Países menos desarrollados: clasificación de las Naciones Unidas","LDC","Índice de facilidad para hacer negocios (1 = reglamentaciones más favorables para los negocios)","IC.BUS.EASE.XQ","","","","","","","","","","","","","","","","","","","","","","","","","","","","","","","","","","","","","","","","","","","","","","","","","","","","","","","","","","","","","","","","",
"Países de ingreso bajo","LIC","Índice de facilidad para hacer negocios (1 = reglamentaciones más favorables para los negocios)","IC.BUS.EASE.XQ","","","","","","","","","","","","","","","","","","","","","","","","","","","","","","","","","","","","","","","","","","","","","","","","","","","","","","","","","","","","","","","","",
"Liechtenstein","LIE","Índice de facilidad para hacer negocios (1 = reglamentaciones más favorables para los negocios)","IC.BUS.EASE.XQ","","","","","","","","","","","","","","","","","","","","","","","","","","","","","","","","","","","","","","","","","","","","","","","","","","","","","","","","","","","","","","","","",
"Sri Lanka","LKA","Índice de facilidad para hacer negocios (1 = reglamentaciones más favorables para los negocios)","IC.BUS.EASE.XQ","","","","","","","","","","","","","","","","","","","","","","","","","","","","","","","","","","","","","","","","","","","","","","","","","","","","","","","","","","","","99","","","","",
"Países de ingreso mediano bajo","LMC","Índice de facilidad para hacer negocios (1 = reglamentaciones más favorables para los negocios)","IC.BUS.EASE.XQ","","","","","","","","","","","","","","","","","","","","","","","","","","","","","","","","","","","","","","","","","","","","","","","","","","","","","","","","","","","","","","","","",
"Ingreso mediano y bajo","LMY","Índice de facilidad para hacer negocios (1 = reglamentaciones más favorables para los negocios)","IC.BUS.EASE.XQ","","","","","","","","","","","","","","","","","","","","","","","","","","","","","","","","","","","","","","","","","","","","","","","","","","","","","","","","","","","","","","","","",
"Lesotho","LSO","Índice de facilidad para hacer negocios (1 = reglamentaciones más favorables para los negocios)","IC.BUS.EASE.XQ","","","","","","","","","","","","","","","","","","","","","","","","","","","","","","","","","","","","","","","","","","","","","","","","","","","","","","","","","","","","122","","","","",
"avanzada del dividendo demográfico","LTE","Índice de facilidad para hacer negocios (1 = reglamentaciones más favorables para los negocios)","IC.BUS.EASE.XQ","","","","","","","","","","","","","","","","","","","","","","","","","","","","","","","","","","","","","","","","","","","","","","","","","","","","","","","","","","","","","","","","",
"Lituania","LTU","Índice de facilidad para hacer negocios (1 = reglamentaciones más favorables para los negocios)","IC.BUS.EASE.XQ","","","","","","","","","","","","","","","","","","","","","","","","","","","","","","","","","","","","","","","","","","","","","","","","","","","","","","","","","","","","11","","","","",
"Luxemburgo","LUX","Índice de facilidad para hacer negocios (1 = reglamentaciones más favorables para los negocios)","IC.BUS.EASE.XQ","","","","","","","","","","","","","","","","","","","","","","","","","","","","","","","","","","","","","","","","","","","","","","","","","","","","","","","","","","","","72","","","","",
"Letonia","LVA","Índice de facilidad para hacer negocios (1 = reglamentaciones más favorables para los negocios)","IC.BUS.EASE.XQ","","","","","","","","","","","","","","","","","","","","","","","","","","","","","","","","","","","","","","","","","","","","","","","","","","","","","","","","","","","","19","","","","",
"Región Administrativa Especial de Macao, China","MAC","Índice de facilidad para hacer negocios (1 = reglamentaciones más favorables para los negocios)","IC.BUS.EASE.XQ","","","","","","","","","","","","","","","","","","","","","","","","","","","","","","","","","","","","","","","","","","","","","","","","","","","","","","","","","","","","","","","","",
"Isla de San Martín (parte francesa)","MAF","Índice de facilidad para hacer negocios (1 = reglamentaciones más favorables para los negocios)","IC.BUS.EASE.XQ","","","","","","","","","","","","","","","","","","","","","","","","","","","","","","","","","","","","","","","","","","","","","","","","","","","","","","","","","","","","","","","","",
"Marruecos","MAR","Índice de facilidad para hacer negocios (1 = reglamentaciones más favorables para los negocios)","IC.BUS.EASE.XQ","","","","","","","","","","","","","","","","","","","","","","","","","","","","","","","","","","","","","","","","","","","","","","","","","","","","","","","","","","","","53","","","","",
"Mónaco","MCO","Índice de facilidad para hacer negocios (1 = reglamentaciones más favorables para los negocios)","IC.BUS.EASE.XQ","","","","","","","","","","","","","","","","","","","","","","","","","","","","","","","","","","","","","","","","","","","","","","","","","","","","","","","","","","","","","","","","",
"República de Moldova","MDA","Índice de facilidad para hacer negocios (1 = reglamentaciones más favorables para los negocios)","IC.BUS.EASE.XQ","","","","","","","","","","","","","","","","","","","","","","","","","","","","","","","","","","","","","","","","","","","","","","","","","","","","","","","","","","","","48","","","","",
"Madagascar","MDG","Índice de facilidad para hacer negocios (1 = reglamentaciones más favorables para los negocios)","IC.BUS.EASE.XQ","","","","","","","","","","","","","","","","","","","","","","","","","","","","","","","","","","","","","","","","","","","","","","","","","","","","","","","","","","","","161","","","","",
"Maldivas","MDV","Índice de facilidad para hacer negocios (1 = reglamentaciones más favorables para los negocios)","IC.BUS.EASE.XQ","","","","","","","","","","","","","","","","","","","","","","","","","","","","","","","","","","","","","","","","","","","","","","","","","","","","","","","","","","","","147","","","","",
"Oriente Medio y Norte de África","MEA","Índice de facilidad para hacer negocios (1 = reglamentaciones más favorables para los negocios)","IC.BUS.EASE.XQ","","","","","","","","","","","","","","","","","","","","","","","","","","","","","","","","","","","","","","","","","","","","","","","","","","","","","","","","","","","","","","","","",
"México","MEX","Índice de facilidad para hacer negocios (1 = reglamentaciones más favorables para los negocios)","IC.BUS.EASE.XQ","","","","","","","","","","","","","","","","","","","","","","","","","","","","","","","","","","","","","","","","","","","","","","","","","","","","","","","","","","","","60","","","","",
"Islas Marshall","MHL","Índice de facilidad para hacer negocios (1 = reglamentaciones más favorables para los negocios)","IC.BUS.EASE.XQ","","","","","","","","","","","","","","","","","","","","","","","","","","","","","","","","","","","","","","","","","","","","","","","","","","","","","","","","","","","","153","","","","",
" Ingreso mediano","MIC","Índice de facilidad para hacer negocios (1 = reglamentaciones más favorables para los negocios)","IC.BUS.EASE.XQ","","","","","","","","","","","","","","","","","","","","","","","","","","","","","","","","","","","","","","","","","","","","","","","","","","","","","","","","","","","","","","","","",
"Macedonia del Norte","MKD","Índice de facilidad para hacer negocios (1 = reglamentaciones más favorables para los negocios)","IC.BUS.EASE.XQ","","","","","","","","","","","","","","","","","","","","","","","","","","","","","","","","","","","","","","","","","","","","","","","","","","","","","","","","","","","","17","","","","",
"Malí","MLI","Índice de facilidad para hacer negocios (1 = reglamentaciones más favorables para los negocios)","IC.BUS.EASE.XQ","","","","","","","","","","","","","","","","","","","","","","","","","","","","","","","","","","","","","","","","","","","","","","","","","","","","","","","","","","","","148","","","","",
"Malta","MLT","Índice de facilidad para hacer negocios (1 = reglamentaciones más favorables para los negocios)","IC.BUS.EASE.XQ","","","","","","","","","","","","","","","","","","","","","","","","","","","","","","","","","","","","","","","","","","","","","","","","","","","","","","","","","","","","88","","","","",
"Myanmar","MMR","Índice de facilidad para hacer negocios (1 = reglamentaciones más favorables para los negocios)","IC.BUS.EASE.XQ","","","","","","","","","","","","","","","","","","","","","","","","","","","","","","","","","","","","","","","","","","","","","","","","","","","","","","","","","","","","165","","","","",
"Oriente Medio y Norte de África (excluido altos ingresos)","MNA","Índice de facilidad para hacer negocios (1 = reglamentaciones más favorables para los negocios)","IC.BUS.EASE.XQ","","","","","","","","","","","","","","","","","","","","","","","","","","","","","","","","","","","","","","","","","","","","","","","","","","","","","","","","","","","","","","","","",
"Montenegro","MNE","Índice de facilidad para hacer negocios (1 = reglamentaciones más favorables para los negocios)","IC.BUS.EASE.XQ","","","","","","","","","","","","","","","","","","","","","","","","","","","","","","","","","","","","","","","","","","","","","","","","","","","","","","","","","","","","50","","","","",
"Mongolia","MNG","Índice de facilidad para hacer negocios (1 = reglamentaciones más favorables para los negocios)","IC.BUS.EASE.XQ","","","","","","","","","","","","","","","","","","","","","","","","","","","","","","","","","","","","","","","","","","","","","","","","","","","","","","","","","","","","81","","","","",
"Mariana","MNP","Índice de facilidad para hacer negocios (1 = reglamentaciones más favorables para los negocios)","IC.BUS.EASE.XQ","","","","","","","","","","","","","","","","","","","","","","","","","","","","","","","","","","","","","","","","","","","","","","","","","","","","","","","","","","","","","","","","",
"Mozambique","MOZ","Índice de facilidad para hacer negocios (1 = reglamentaciones más favorables para los negocios)","IC.BUS.EASE.XQ","","","","","","","","","","","","","","","","","","","","","","","","","","","","","","","","","","","","","","","","","","","","","","","","","","","","","","","","","","","","138","","","","",
"Mauritania","MRT","Índice de facilidad para hacer negocios (1 = reglamentaciones más favorables para los negocios)","IC.BUS.EASE.XQ","","","","","","","","","","","","","","","","","","","","","","","","","","","","","","","","","","","","","","","","","","","","","","","","","","","","","","","","","","","","152","","","","",
"Mauricio","MUS","Índice de facilidad para hacer negocios (1 = reglamentaciones más favorables para los negocios)","IC.BUS.EASE.XQ","","","","","","","","","","","","","","","","","","","","","","","","","","","","","","","","","","","","","","","","","","","","","","","","","","","","","","","","","","","","13","","","","",
"Malawi","MWI","Índice de facilidad para hacer negocios (1 = reglamentaciones más favorables para los negocios)","IC.BUS.EASE.XQ","","","","","","","","","","","","","","","","","","","","","","","","","","","","","","","","","","","","","","","","","","","","","","","","","","","","","","","","","","","","109","","","","",
"Malasia","MYS","Índice de facilidad para hacer negocios (1 = reglamentaciones más favorables para los negocios)","IC.BUS.EASE.XQ","","","","","","","","","","","","","","","","","","","","","","","","","","","","","","","","","","","","","","","","","","","","","","","","","","","","","","","","","","","","12","","","","",
"América del Norte","NAC","Índice de facilidad para hacer negocios (1 = reglamentaciones más favorables para los negocios)","IC.BUS.EASE.XQ","","","","","","","","","","","","","","","","","","","","","","","","","","","","","","","","","","","","","","","","","","","","","","","","","","","","","","","","","","","","","","","","",
"Namibia","NAM","Índice de facilidad para hacer negocios (1 = reglamentaciones más favorables para los negocios)","IC.BUS.EASE.XQ","","","","","","","","","","","","","","","","","","","","","","","","","","","","","","","","","","","","","","","","","","","","","","","","","","","","","","","","","","","","104","","","","",
"Nueva Caledonia","NCL","Índice de facilidad para hacer negocios (1 = reglamentaciones más favorables para los negocios)","IC.BUS.EASE.XQ","","","","","","","","","","","","","","","","","","","","","","","","","","","","","","","","","","","","","","","","","","","","","","","","","","","","","","","","","","","","","","","","",
"Níger","NER","Índice de facilidad para hacer negocios (1 = reglamentaciones más favorables para los negocios)","IC.BUS.EASE.XQ","","","","","","","","","","","","","","","","","","","","","","","","","","","","","","","","","","","","","","","","","","","","","","","","","","","","","","","","","","","","132","","","","",
"Nigeria","NGA","Índice de facilidad para hacer negocios (1 = reglamentaciones más favorables para los negocios)","IC.BUS.EASE.XQ","","","","","","","","","","","","","","","","","","","","","","","","","","","","","","","","","","","","","","","","","","","","","","","","","","","","","","","","","","","","131","","","","",
"Nicaragua","NIC","Índice de facilidad para hacer negocios (1 = reglamentaciones más favorables para los negocios)","IC.BUS.EASE.XQ","","","","","","","","","","","","","","","","","","","","","","","","","","","","","","","","","","","","","","","","","","","","","","","","","","","","","","","","","","","","142","","","","",
"Países Bajos","NLD","Índice de facilidad para hacer negocios (1 = reglamentaciones más favorables para los negocios)","IC.BUS.EASE.XQ","","","","","","","","","","","","","","","","","","","","","","","","","","","","","","","","","","","","","","","","","","","","","","","","","","","","","","","","","","","","42","","","","",
"Noruega","NOR","Índice de facilidad para hacer negocios (1 = reglamentaciones más favorables para los negocios)","IC.BUS.EASE.XQ","","","","","","","","","","","","","","","","","","","","","","","","","","","","","","","","","","","","","","","","","","","","","","","","","","","","","","","","","","","","9","","","","",
"Nepal","NPL","Índice de facilidad para hacer negocios (1 = reglamentaciones más favorables para los negocios)","IC.BUS.EASE.XQ","","","","","","","","","","","","","","","","","","","","","","","","","","","","","","","","","","","","","","","","","","","","","","","","","","","","","","","","","","","","94","","","","",
"Nauru","NRU","Índice de facilidad para hacer negocios (1 = reglamentaciones más favorables para los negocios)","IC.BUS.EASE.XQ","","","","","","","","","","","","","","","","","","","","","","","","","","","","","","","","","","","","","","","","","","","","","","","","","","","","","","","","","","","","","","","","",
"Nueva Zelandia","NZL","Índice de facilidad para hacer negocios (1 = reglamentaciones más favorables para los negocios)","IC.BUS.EASE.XQ","","","","","","","","","","","","","","","","","","","","","","","","","","","","","","","","","","","","","","","","","","","","","","","","","","","","","","","","","","","","1","","","","",
"Miembros OCDE","OED","Índice de facilidad para hacer negocios (1 = reglamentaciones más favorables para los negocios)","IC.BUS.EASE.XQ","","","","","","","","","","","","","","","","","","","","","","","","","","","","","","","","","","","","","","","","","","","","","","","","","","","","","","","","","","","","","","","","",
"Omán","OMN","Índice de facilidad para hacer negocios (1 = reglamentaciones más favorables para los negocios)","IC.BUS.EASE.XQ","","","","","","","","","","","","","","","","","","","","","","","","","","","","","","","","","","","","","","","","","","","","","","","","","","","","","","","","","","","","68","","","","",
"Otros Estados pequeos","OSS","Índice de facilidad para hacer negocios (1 = reglamentaciones más favorables para los negocios)","IC.BUS.EASE.XQ","","","","","","","","","","","","","","","","","","","","","","","","","","","","","","","","","","","","","","","","","","","","","","","","","","","","","","","","","","","","","","","","",
"Pakistán","PAK","Índice de facilidad para hacer negocios (1 = reglamentaciones más favorables para los negocios)","IC.BUS.EASE.XQ","","","","","","","","","","","","","","","","","","","","","","","","","","","","","","","","","","","","","","","","","","","","","","","","","","","","","","","","","","","","108","","","","",
"Panamá","PAN","Índice de facilidad para hacer negocios (1 = reglamentaciones más favorables para los negocios)","IC.BUS.EASE.XQ","","","","","","","","","","","","","","","","","","","","","","","","","","","","","","","","","","","","","","","","","","","","","","","","","","","","","","","","","","","","86","","","","",
"Perú","PER","Índice de facilidad para hacer negocios (1 = reglamentaciones más favorables para los negocios)","IC.BUS.EASE.XQ","","","","","","","","","","","","","","","","","","","","","","","","","","","","","","","","","","","","","","","","","","","","","","","","","","","","","","","","","","","","76","","","","",
"Filipinas","PHL","Índice de facilidad para hacer negocios (1 = reglamentaciones más favorables para los negocios)","IC.BUS.EASE.XQ","","","","","","","","","","","","","","","","","","","","","","","","","","","","","","","","","","","","","","","","","","","","","","","","","","","","","","","","","","","","95","","","","",
"Palau","PLW","Índice de facilidad para hacer negocios (1 = reglamentaciones más favorables para los negocios)","IC.BUS.EASE.XQ","","","","","","","","","","","","","","","","","","","","","","","","","","","","","","","","","","","","","","","","","","","","","","","","","","","","","","","","","","","","145","","","","",
"Papua Nueva Guinea","PNG","Índice de facilidad para hacer negocios (1 = reglamentaciones más favorables para los negocios)","IC.BUS.EASE.XQ","","","","","","","","","","","","","","","","","","","","","","","","","","","","","","","","","","","","","","","","","","","","","","","","","","","","","","","","","","","","120","","","","",
"Polonia","POL","Índice de facilidad para hacer negocios (1 = reglamentaciones más favorables para los negocios)","IC.BUS.EASE.XQ","","","","","","","","","","","","","","","","","","","","","","","","","","","","","","","","","","","","","","","","","","","","","","","","","","","","","","","","","","","","40","","","","",
"previa al dividendo demográfico","PRE","Índice de facilidad para hacer negocios (1 = reglamentaciones más favorables para los negocios)","IC.BUS.EASE.XQ","","","","","","","","","","","","","","","","","","","","","","","","","","","","","","","","","","","","","","","","","","","","","","","","","","","","","","","","","","","","","","","","",
"Puerto Rico","PRI","Índice de facilidad para hacer negocios (1 = reglamentaciones más favorables para los negocios)","IC.BUS.EASE.XQ","","","","","","","","","","","","","","","","","","","","","","","","","","","","","","","","","","","","","","","","","","","","","","","","","","","","","","","","","","","","65","","","","",
"Corea, República Popular Democrática de","PRK","Índice de facilidad para hacer negocios (1 = reglamentaciones más favorables para los negocios)","IC.BUS.EASE.XQ","","","","","","","","","","","","","","","","","","","","","","","","","","","","","","","","","","","","","","","","","","","","","","","","","","","","","","","","","","","","","","","","",
"Portugal","PRT","Índice de facilidad para hacer negocios (1 = reglamentaciones más favorables para los negocios)","IC.BUS.EASE.XQ","","","","","","","","","","","","","","","","","","","","","","","","","","","","","","","","","","","","","","","","","","","","","","","","","","","","","","","","","","","","39","","","","",
"Paraguay","PRY","Índice de facilidad para hacer negocios (1 = reglamentaciones más favorables para los negocios)","IC.BUS.EASE.XQ","","","","","","","","","","","","","","","","","","","","","","","","","","","","","","","","","","","","","","","","","","","","","","","","","","","","","","","","","","","","125","","","","",
"Ribera Occidental y Gaza","PSE","Índice de facilidad para hacer negocios (1 = reglamentaciones más favorables para los negocios)","IC.BUS.EASE.XQ","","","","","","","","","","","","","","","","","","","","","","","","","","","","","","","","","","","","","","","","","","","","","","","","","","","","","","","","","","","","117","","","","",
"Estados pequeos de las Islas del Pacfico","PSS","Índice de facilidad para hacer negocios (1 = reglamentaciones más favorables para los negocios)","IC.BUS.EASE.XQ","","","","","","","","","","","","","","","","","","","","","","","","","","","","","","","","","","","","","","","","","","","","","","","","","","","","","","","","","","","","","","","","",
"posterior al dividendo demográfico","PST","Índice de facilidad para hacer negocios (1 = reglamentaciones más favorables para los negocios)","IC.BUS.EASE.XQ","","","","","","","","","","","","","","","","","","","","","","","","","","","","","","","","","","","","","","","","","","","","","","","","","","","","","","","","","","","","","","","","",
"Polinesia Francesa","PYF","Índice de facilidad para hacer negocios (1 = reglamentaciones más favorables para los negocios)","IC.BUS.EASE.XQ","","","","","","","","","","","","","","","","","","","","","","","","","","","","","","","","","","","","","","","","","","","","","","","","","","","","","","","","","","","","","","","","",
"Qatar","QAT","Índice de facilidad para hacer negocios (1 = reglamentaciones más favorables para los negocios)","IC.BUS.EASE.XQ","","","","","","","","","","","","","","","","","","","","","","","","","","","","","","","","","","","","","","","","","","","","","","","","","","","","","","","","","","","","77","","","","",
"Rumania","ROU","Índice de facilidad para hacer negocios (1 = reglamentaciones más favorables para los negocios)","IC.BUS.EASE.XQ","","","","","","","","","","","","","","","","","","","","","","","","","","","","","","","","","","","","","","","","","","","","","","","","","","","","","","","","","","","","55","","","","",
"Federación de Rusia","RUS","Índice de facilidad para hacer negocios (1 = reglamentaciones más favorables para los negocios)","IC.BUS.EASE.XQ","","","","","","","","","","","","","","","","","","","","","","","","","","","","","","","","","","","","","","","","","","","","","","","","","","","","","","","","","","","","29","","","","",
"Rwanda","RWA","Índice de facilidad para hacer negocios (1 = reglamentaciones más favorables para los negocios)","IC.BUS.EASE.XQ","","","","","","","","","","","","","","","","","","","","","","","","","","","","","","","","","","","","","","","","","","","","","","","","","","","","","","","","","","","","38","","","","",
"Asia meridional","SAS","Índice de facilidad para hacer negocios (1 = reglamentaciones más favorables para los negocios)","IC.BUS.EASE.XQ","","","","","","","","","","","","","","","","","","","","","","","","","","","","","","","","","","","","","","","","","","","","","","","","","","","","","","","","","","","","","","","","",
"Arabia Saudita","SAU","Índice de facilidad para hacer negocios (1 = reglamentaciones más favorables para los negocios)","IC.BUS.EASE.XQ","","","","","","","","","","","","","","","","","","","","","","","","","","","","","","","","","","","","","","","","","","","","","","","","","","","","","","","","","","","","63","","","","",
"Sudán","SDN","Índice de facilidad para hacer negocios (1 = reglamentaciones más favorables para los negocios)","IC.BUS.EASE.XQ","","","","","","","","","","","","","","","","","","","","","","","","","","","","","","","","","","","","","","","","","","","","","","","","","","","","","","","","","","","","171","","","","",
"Senegal","SEN","Índice de facilidad para hacer negocios (1 = reglamentaciones más favorables para los negocios)","IC.BUS.EASE.XQ","","","","","","","","","","","","","","","","","","","","","","","","","","","","","","","","","","","","","","","","","","","","","","","","","","","","","","","","","","","","123","","","","",
"Singapur","SGP","Índice de facilidad para hacer negocios (1 = reglamentaciones más favorables para los negocios)","IC.BUS.EASE.XQ","","","","","","","","","","","","","","","","","","","","","","","","","","","","","","","","","","","","","","","","","","","","","","","","","","","","","","","","","","","","2","","","","",
"Islas Salomón","SLB","Índice de facilidad para hacer negocios (1 = reglamentaciones más favorables para los negocios)","IC.BUS.EASE.XQ","","","","","","","","","","","","","","","","","","","","","","","","","","","","","","","","","","","","","","","","","","","","","","","","","","","","","","","","","","","","136","","","","",
"Sierra Leona","SLE","Índice de facilidad para hacer negocios (1 = reglamentaciones más favorables para los negocios)","IC.BUS.EASE.XQ","","","","","","","","","","","","","","","","","","","","","","","","","","","","","","","","","","","","","","","","","","","","","","","","","","","","","","","","","","","","163","","","","",
"El Salvador","SLV","Índice de facilidad para hacer negocios (1 = reglamentaciones más favorables para los negocios)","IC.BUS.EASE.XQ","","","","","","","","","","","","","","","","","","","","","","","","","","","","","","","","","","","","","","","","","","","","","","","","","","","","","","","","","","","","91","","","","",
"San Marino","SMR","Índice de facilidad para hacer negocios (1 = reglamentaciones más favorables para los negocios)","IC.BUS.EASE.XQ","","","","","","","","","","","","","","","","","","","","","","","","","","","","","","","","","","","","","","","","","","","","","","","","","","","","","","","","","","","","92","","","","",
"Somalia","SOM","Índice de facilidad para hacer negocios (1 = reglamentaciones más favorables para los negocios)","IC.BUS.EASE.XQ","","","","","","","","","","","","","","","","","","","","","","","","","","","","","","","","","","","","","","","","","","","","","","","","","","","","","","","","","","","","190","","","","",
"Serbia","SRB","Índice de facilidad para hacer negocios (1 = reglamentaciones más favorables para los negocios)","IC.BUS.EASE.XQ","","","","","","","","","","","","","","","","","","","","","","","","","","","","","","","","","","","","","","","","","","","","","","","","","","","","","","","","","","","","44","","","","",
"África al sur del Sahara (excluido altos ingresos)","SSA","Índice de facilidad para hacer negocios (1 = reglamentaciones más favorables para los negocios)","IC.BUS.EASE.XQ","","","","","","","","","","","","","","","","","","","","","","","","","","","","","","","","","","","","","","","","","","","","","","","","","","","","","","","","","","","","","","","","",
"Sudán del Sur","SSD","Índice de facilidad para hacer negocios (1 = reglamentaciones más favorables para los negocios)","IC.BUS.EASE.XQ","","","","","","","","","","","","","","","","","","","","","","","","","","","","","","","","","","","","","","","","","","","","","","","","","","","","","","","","","","","","185","","","","",
"África al sur del Sahara","SSF","Índice de facilidad para hacer negocios (1 = reglamentaciones más favorables para los negocios)","IC.BUS.EASE.XQ","","","","","","","","","","","","","","","","","","","","","","","","","","","","","","","","","","","","","","","","","","","","","","","","","","","","","","","","","","","","","","","","",
"Pequeños Estados","SST","Índice de facilidad para hacer negocios (1 = reglamentaciones más favorables para los negocios)","IC.BUS.EASE.XQ","","","","","","","","","","","","","","","","","","","","","","","","","","","","","","","","","","","","","","","","","","","","","","","","","","","","","","","","","","","","","","","","",
"Santo Tomé y Príncipe","STP","Índice de facilidad para hacer negocios (1 = reglamentaciones más favorables para los negocios)","IC.BUS.EASE.XQ","","","","","","","","","","","","","","","","","","","","","","","","","","","","","","","","","","","","","","","","","","","","","","","","","","","","","","","","","","","","170","","","","",
"Suriname","SUR","Índice de facilidad para hacer negocios (1 = reglamentaciones más favorables para los negocios)","IC.BUS.EASE.XQ","","","","","","","","","","","","","","","","","","","","","","","","","","","","","","","","","","","","","","","","","","","","","","","","","","","","","","","","","","","","162","","","","",
"República Eslovaca","SVK","Índice de facilidad para hacer negocios (1 = reglamentaciones más favorables para los negocios)","IC.BUS.EASE.XQ","","","","","","","","","","","","","","","","","","","","","","","","","","","","","","","","","","","","","","","","","","","","","","","","","","","","","","","","","","","","45","","","","",
"Eslovenia","SVN","Índice de facilidad para hacer negocios (1 = reglamentaciones más favorables para los negocios)","IC.BUS.EASE.XQ","","","","","","","","","","","","","","","","","","","","","","","","","","","","","","","","","","","","","","","","","","","","","","","","","","","","","","","","","","","","37","","","","",
"Suecia","SWE","Índice de facilidad para hacer negocios (1 = reglamentaciones más favorables para los negocios)","IC.BUS.EASE.XQ","","","","","","","","","","","","","","","","","","","","","","","","","","","","","","","","","","","","","","","","","","","","","","","","","","","","","","","","","","","","10","","","","",
"Eswatini","SWZ","Índice de facilidad para hacer negocios (1 = reglamentaciones más favorables para los negocios)","IC.BUS.EASE.XQ","","","","","","","","","","","","","","","","","","","","","","","","","","","","","","","","","","","","","","","","","","","","","","","","","","","","","","","","","","","","121","","","","",
"Sint Maarten (Dutch part)","SXM","Índice de facilidad para hacer negocios (1 = reglamentaciones más favorables para los negocios)","IC.BUS.EASE.XQ","","","","","","","","","","","","","","","","","","","","","","","","","","","","","","","","","","","","","","","","","","","","","","","","","","","","","","","","","","","","","","","","",
"Seychelles","SYC","Índice de facilidad para hacer negocios (1 = reglamentaciones más favorables para los negocios)","IC.BUS.EASE.XQ","","","","","","","","","","","","","","","","","","","","","","","","","","","","","","","","","","","","","","","","","","","","","","","","","","","","","","","","","","","","100","","","","",
"República Árabe Siria","SYR","Índice de facilidad para hacer negocios (1 = reglamentaciones más favorables para los negocios)","IC.BUS.EASE.XQ","","","","","","","","","","","","","","","","","","","","","","","","","","","","","","","","","","","","","","","","","","","","","","","","","","","","","","","","","","","","176","","","","",
"Islas Turcas y Caicos","TCA","Índice de facilidad para hacer negocios (1 = reglamentaciones más favorables para los negocios)","IC.BUS.EASE.XQ","","","","","","","","","","","","","","","","","","","","","","","","","","","","","","","","","","","","","","","","","","","","","","","","","","","","","","","","","","","","","","","","",
"Chad","TCD","Índice de facilidad para hacer negocios (1 = reglamentaciones más favorables para los negocios)","IC.BUS.EASE.XQ","","","","","","","","","","","","","","","","","","","","","","","","","","","","","","","","","","","","","","","","","","","","","","","","","","","","","","","","","","","","182","","","","",
"Asia oriental y el Pacífico (BIRF y la AIF)","TEA","Índice de facilidad para hacer negocios (1 = reglamentaciones más favorables para los negocios)","IC.BUS.EASE.XQ","","","","","","","","","","","","","","","","","","","","","","","","","","","","","","","","","","","","","","","","","","","","","","","","","","","","","","","","","","","","","","","","",
"Europa y Asia central (BIRF y la AIF)","TEC","Índice de facilidad para hacer negocios (1 = reglamentaciones más favorables para los negocios)","IC.BUS.EASE.XQ","","","","","","","","","","","","","","","","","","","","","","","","","","","","","","","","","","","","","","","","","","","","","","","","","","","","","","","","","","","","","","","","",
"Togo","TGO","Índice de facilidad para hacer negocios (1 = reglamentaciones más favorables para los negocios)","IC.BUS.EASE.XQ","","","","","","","","","","","","","","","","","","","","","","","","","","","","","","","","","","","","","","","","","","","","","","","","","","","","","","","","","","","","97","","","","",
"Tailandia","THA","Índice de facilidad para hacer negocios (1 = reglamentaciones más favorables para los negocios)","IC.BUS.EASE.XQ","","","","","","","","","","","","","","","","","","","","","","","","","","","","","","","","","","","","","","","","","","","","","","","","","","","","","","","","","","","","21","","","","",
"Tayikistán","TJK","Índice de facilidad para hacer negocios (1 = reglamentaciones más favorables para los negocios)","IC.BUS.EASE.XQ","","","","","","","","","","","","","","","","","","","","","","","","","","","","","","","","","","","","","","","","","","","","","","","","","","","","","","","","","","","","106","","","","",
"Turkmenistán","TKM","Índice de facilidad para hacer negocios (1 = reglamentaciones más favorables para los negocios)","IC.BUS.EASE.XQ","","","","","","","","","","","","","","","","","","","","","","","","","","","","","","","","","","","","","","","","","","","","","","","","","","","","","","","","","","","","","","","","",
"América Latina y el Caribe (BIRF y la AIF)","TLA","Índice de facilidad para hacer negocios (1 = reglamentaciones más favorables para los negocios)","IC.BUS.EASE.XQ","","","","","","","","","","","","","","","","","","","","","","","","","","","","","","","","","","","","","","","","","","","","","","","","","","","","","","","","","","","","","","","","",
"Timor-Leste","TLS","Índice de facilidad para hacer negocios (1 = reglamentaciones más favorables para los negocios)","IC.BUS.EASE.XQ","","","","","","","","","","","","","","","","","","","","","","","","","","","","","","","","","","","","","","","","","","","","","","","","","","","","","","","","","","","","181","","","","",
"Oriente Medio y Norte de África (BIRF y la AIF)","TMN","Índice de facilidad para hacer negocios (1 = reglamentaciones más favorables para los negocios)","IC.BUS.EASE.XQ","","","","","","","","","","","","","","","","","","","","","","","","","","","","","","","","","","","","","","","","","","","","","","","","","","","","","","","","","","","","","","","","",
"Tonga","TON","Índice de facilidad para hacer negocios (1 = reglamentaciones más favorables para los negocios)","IC.BUS.EASE.XQ","","","","","","","","","","","","","","","","","","","","","","","","","","","","","","","","","","","","","","","","","","","","","","","","","","","","","","","","","","","","103","","","","",
"Asia meridional (BIRF y la AIF)","TSA","Índice de facilidad para hacer negocios (1 = reglamentaciones más favorables para los negocios)","IC.BUS.EASE.XQ","","","","","","","","","","","","","","","","","","","","","","","","","","","","","","","","","","","","","","","","","","","","","","","","","","","","","","","","","","","","","","","","",
"África al sur del Sahara (BIRF y la AIF)","TSS","Índice de facilidad para hacer negocios (1 = reglamentaciones más favorables para los negocios)","IC.BUS.EASE.XQ","","","","","","","","","","","","","","","","","","","","","","","","","","","","","","","","","","","","","","","","","","","","","","","","","","","","","","","","","","","","","","","","",
"Trinidad y Tobago","TTO","Índice de facilidad para hacer negocios (1 = reglamentaciones más favorables para los negocios)","IC.BUS.EASE.XQ","","","","","","","","","","","","","","","","","","","","","","","","","","","","","","","","","","","","","","","","","","","","","","","","","","","","","","","","","","","","105","","","","",
"Túnez","TUN","Índice de facilidad para hacer negocios (1 = reglamentaciones más favorables para los negocios)","IC.BUS.EASE.XQ","","","","","","","","","","","","","","","","","","","","","","","","","","","","","","","","","","","","","","","","","","","","","","","","","","","","","","","","","","","","78","","","","",
"Turquía","TUR","Índice de facilidad para hacer negocios (1 = reglamentaciones más favorables para los negocios)","IC.BUS.EASE.XQ","","","","","","","","","","","","","","","","","","","","","","","","","","","","","","","","","","","","","","","","","","","","","","","","","","","","","","","","","","","","34","","","","",
"Tuvalu","TUV","Índice de facilidad para hacer negocios (1 = reglamentaciones más favorables para los negocios)","IC.BUS.EASE.XQ","","","","","","","","","","","","","","","","","","","","","","","","","","","","","","","","","","","","","","","","","","","","","","","","","","","","","","","","","","","","","","","","",
"Tanzanía","TZA","Índice de facilidad para hacer negocios (1 = reglamentaciones más favorables para los negocios)","IC.BUS.EASE.XQ","","","","","","","","","","","","","","","","","","","","","","","","","","","","","","","","","","","","","","","","","","","","","","","","","","","","","","","","","","","","141","","","","",
"Uganda","UGA","Índice de facilidad para hacer negocios (1 = reglamentaciones más favorables para los negocios)","IC.BUS.EASE.XQ","","","","","","","","","","","","","","","","","","","","","","","","","","","","","","","","","","","","","","","","","","","","","","","","","","","","","","","","","","","","116","","","","",
"Ucrania","UKR","Índice de facilidad para hacer negocios (1 = reglamentaciones más favorables para los negocios)","IC.BUS.EASE.XQ","","","","","","","","","","","","","","","","","","","","","","","","","","","","","","","","","","","","","","","","","","","","","","","","","","","","","","","","","","","","64","","","","",
"Ingreso mediano alto","UMC","Índice de facilidad para hacer negocios (1 = reglamentaciones más favorables para los negocios)","IC.BUS.EASE.XQ","","","","","","","","","","","","","","","","","","","","","","","","","","","","","","","","","","","","","","","","","","","","","","","","","","","","","","","","","","","","","","","","",
"Uruguay","URY","Índice de facilidad para hacer negocios (1 = reglamentaciones más favorables para los negocios)","IC.BUS.EASE.XQ","","","","","","","","","","","","","","","","","","","","","","","","","","","","","","","","","","","","","","","","","","","","","","","","","","","","","","","","","","","","101","","","","",
"Estados Unidos","USA","Índice de facilidad para hacer negocios (1 = reglamentaciones más favorables para los negocios)","IC.BUS.EASE.XQ","","","","","","","","","","","","","","","","","","","","","","","","","","","","","","","","","","","","","","","","","","","","","","","","","","","","","","","","","","","","6","","","","",
"Uzbekistán","UZB","Índice de facilidad para hacer negocios (1 = reglamentaciones más favorables para los negocios)","IC.BUS.EASE.XQ","","","","","","","","","","","","","","","","","","","","","","","","","","","","","","","","","","","","","","","","","","","","","","","","","","","","","","","","","","","","69","","","","",
"San Vicente y las Granadinas","VCT","Índice de facilidad para hacer negocios (1 = reglamentaciones más favorables para los negocios)","IC.BUS.EASE.XQ","","","","","","","","","","","","","","","","","","","","","","","","","","","","","","","","","","","","","","","","","","","","","","","","","","","","","","","","","","","","130","","","","",
"Venezuela","VEN","Índice de facilidad para hacer negocios (1 = reglamentaciones más favorables para los negocios)","IC.BUS.EASE.XQ","","","","","","","","","","","","","","","","","","","","","","","","","","","","","","","","","","","","","","","","","","","","","","","","","","","","","","","","","","","","188","","","","",
"Islas Vírgenes Británicas","VGB","Índice de facilidad para hacer negocios (1 = reglamentaciones más favorables para los negocios)","IC.BUS.EASE.XQ","","","","","","","","","","","","","","","","","","","","","","","","","","","","","","","","","","","","","","","","","","","","","","","","","","","","","","","","","","","","","","","","",
"Islas Vírgenes (EE.UU.)","VIR","Índice de facilidad para hacer negocios (1 = reglamentaciones más favorables para los negocios)","IC.BUS.EASE.XQ","","","","","","","","","","","","","","","","","","","","","","","","","","","","","","","","","","","","","","","","","","","","","","","","","","","","","","","","","","","","","","","","",
"Viet Nam","VNM","Índice de facilidad para hacer negocios (1 = reglamentaciones más favorables para los negocios)","IC.BUS.EASE.XQ","","","","","","","","","","","","","","","","","","","","","","","","","","","","","","","","","","","","","","","","","","","","","","","","","","","","","","","","","","","","70","","","","",
"Vanuatu","VUT","Índice de facilidad para hacer negocios (1 = reglamentaciones más favorables para los negocios)","IC.BUS.EASE.XQ","","","","","","","","","","","","","","","","","","","","","","","","","","","","","","","","","","","","","","","","","","","","","","","","","","","","","","","","","","","","107","","","","",
"Mundo","WLD","Índice de facilidad para hacer negocios (1 = reglamentaciones más favorables para los negocios)","IC.BUS.EASE.XQ","","","","","","","","","","","","","","","","","","","","","","","","","","","","","","","","","","","","","","","","","","","","","","","","","","","","","","","","","","","","","","","","",
"Samoa","WSM","Índice de facilidad para hacer negocios (1 = reglamentaciones más favorables para los negocios)","IC.BUS.EASE.XQ","","","","","","","","","","","","","","","","","","","","","","","","","","","","","","","","","","","","","","","","","","","","","","","","","","","","","","","","","","","","98","","","","",
"Kosovo","XKX","Índice de facilidad para hacer negocios (1 = reglamentaciones más favorables para los negocios)","IC.BUS.EASE.XQ","","","","","","","","","","","","","","","","","","","","","","","","","","","","","","","","","","","","","","","","","","","","","","","","","","","","","","","","","","","","57","","","","",
"Yemen, Rep. del","YEM","Índice de facilidad para hacer negocios (1 = reglamentaciones más favorables para los negocios)","IC.BUS.EASE.XQ","","","","","","","","","","","","","","","","","","","","","","","","","","","","","","","","","","","","","","","","","","","","","","","","","","","","","","","","","","","","187","","","","",
"Sudáfrica","ZAF","Índice de facilidad para hacer negocios (1 = reglamentaciones más favorables para los negocios)","IC.BUS.EASE.XQ","","","","","","","","","","","","","","","","","","","","","","","","","","","","","","","","","","","","","","","","","","","","","","","","","","","","","","","","","","","","84","","","","",
"Zambia","ZMB","Índice de facilidad para hacer negocios (1 = reglamentaciones más favorables para los negocios)","IC.BUS.EASE.XQ","","","","","","","","","","","","","","","","","","","","","","","","","","","","","","","","","","","","","","","","","","","","","","","","","","","","","","","","","","","","85","","","","",
"Zimbabwe","ZWE","Índice de facilidad para hacer negocios (1 = reglamentaciones más favorables para los negocios)","IC.BUS.EASE.XQ","","","","","","","","","","","","","","","","","","","","","","","","","","","","","","","","","","","","","","","","","","","","","","","","","","","","","","","","","","","","140","","","","",
