"Country Name","Country Code","Indicator Name","Indicator Code","1960","1961","1962","1963","1964","1965","1966","1967","1968","1969","1970","1971","1972","1973","1974","1975","1976","1977","1978","1979","1980","1981","1982","1983","1984","1985","1986","1987","1988","1989","1990","1991","1992","1993","1994","1995","1996","1997","1998","1999","2000","2001","2002","2003","2004","2005","2006","2007","2008","2009","2010","2011","2012","2013","2014","2015","2016","2017","2018","2019","2020","2021","2022","2023",
"Aruba","ABW","Pago de impuestos (número)","IC.TAX.PAYM","","","","","","","","","","","","","","","","","","","","","","","","","","","","","","","","","","","","","","","","","","","","","","","","","","","","","","","","","","","","","","","","",
"","AFE","Pago de impuestos (número)","IC.TAX.PAYM","","","","","","","","","","","","","","","","","","","","","","","","","","","","","","","","","","","","","","","","","","","","","","33.1666666666667","33.2916666666667","33.2083333333333","33","33","33.0416666666667","32.125","32.24","32.88","32.84","32.56","32.84","31.52","31.44","30.96","","","","",
"Afganistán","AFG","Pago de impuestos (número)","IC.TAX.PAYM","","","","","","","","","","","","","","","","","","","","","","","","","","","","","","","","","","","","","","","","","","","","","","16","16","19","19","19","19","19","19","19","19","19","19","19","19","19","","","","",
"","AFW","Pago de impuestos (número)","IC.TAX.PAYM","","","","","","","","","","","","","","","","","","","","","","","","","","","","","","","","","","","","","","","","","","","","","","48.4","47.1904761904762","46.9523809523809","46.9047619047619","46.8571428571429","46.1904761904762","46.2857142857143","45.6190476190476","45.1818181818182","45.7272727272727","45.4090909090909","44.1363636363636","43.5454545454545","44.6363636363636","42.9090909090909","","","","",
"Angola","AGO","Pago de impuestos (número)","IC.TAX.PAYM","","","","","","","","","","","","","","","","","","","","","","","","","","","","","","","","","","","","","","","","","","","","","","32","32","32","32","32","32","32","32","32","32","32","31","31","31","31","","","","",
"Albania","ALB","Pago de impuestos (número)","IC.TAX.PAYM","","","","","","","","","","","","","","","","","","","","","","","","","","","","","","","","","","","","","","","","","","","","","","45","44","44","44","44","44","44","44","42","34","34","34","35","35","35","","","","",
"Andorra","AND","Pago de impuestos (número)","IC.TAX.PAYM","","","","","","","","","","","","","","","","","","","","","","","","","","","","","","","","","","","","","","","","","","","","","","","","","","","","","","","","","","","","","","","","",
"El mundo árabe","ARB","Pago de impuestos (número)","IC.TAX.PAYM","","","","","","","","","","","","","","","","","","","","","","","","","","","","","","","","","","","","","","","","","","","","","","26.9444444444444","26.8888888888889","24.75","24.4","24.4","23.75","23.15","21.952380952381","21.4285714285714","21.4761904761905","21.4761904761905","21.2857142857143","20.8095238095238","20.6666666666667","19.4761904761905","","","","",
"Emiratos Árabes Unidos","ARE","Pago de impuestos (número)","IC.TAX.PAYM","","","","","","","","","","","","","","","","","","","","","","","","","","","","","","","","","","","","","","","","","","","","","","14","14","14","14","14","14","14","4","4","4","4","4","4","4","5","","","","",
"Argentina","ARG","Pago de impuestos (número)","IC.TAX.PAYM","","","","","","","","","","","","","","","","","","","","","","","","","","","","","","","","","","","","","","","","","","","","","","62","19","19","9","9","9","9","9","9","9","9","9","9","9","9","","","","",
"Armenia","ARM","Pago de impuestos (número)","IC.TAX.PAYM","","","","","","","","","","","","","","","","","","","","","","","","","","","","","","","","","","","","","","","","","","","","","","54","54","54","54","54","54","38","17","14","14","14","14","14","15","15","","","","",
"Samoa Americana","ASM","Pago de impuestos (número)","IC.TAX.PAYM","","","","","","","","","","","","","","","","","","","","","","","","","","","","","","","","","","","","","","","","","","","","","","","","","","","","","","","","","","","","","","","","",
"Antigua y Barbuda","ATG","Pago de impuestos (número)","IC.TAX.PAYM","","","","","","","","","","","","","","","","","","","","","","","","","","","","","","","","","","","","","","","","","","","","","","45","45","45","57","57","57","57","57","57","57","57","57","57","57","57","","","","",
"Australia","AUS","Pago de impuestos (número)","IC.TAX.PAYM","","","","","","","","","","","","","","","","","","","","","","","","","","","","","","","","","","","","","","","","","","","","","","13","12","12","12","11","11","11","11","11","11","11","11","11","11","11","","","","",
"Austria","AUT","Pago de impuestos (número)","IC.TAX.PAYM","","","","","","","","","","","","","","","","","","","","","","","","","","","","","","","","","","","","","","","","","","","","","","12","12","12","12","12","12","12","12","12","12","12","12","12","12","12","","","","",
"Azerbaiyán","AZE","Pago de impuestos (número)","IC.TAX.PAYM","","","","","","","","","","","","","","","","","","","","","","","","","","","","","","","","","","","","","","","","","","","","","","37","37","37","22","22","18","18","18","18","7","7","6","6","7","9","","","","",
"Burundi","BDI","Pago de impuestos (número)","IC.TAX.PAYM","","","","","","","","","","","","","","","","","","","","","","","","","","","","","","","","","","","","","","","","","","","","","","33","33","33","33","33","33","25","25","25","25","25","25","25","24","24","","","","",
"Bélgica","BEL","Pago de impuestos (número)","IC.TAX.PAYM","","","","","","","","","","","","","","","","","","","","","","","","","","","","","","","","","","","","","","","","","","","","","","11","11","11","11","11","11","11","11","11","11","11","11","11","11","11","","","","",
"Benin","BEN","Pago de impuestos (número)","IC.TAX.PAYM","","","","","","","","","","","","","","","","","","","","","","","","","","","","","","","","","","","","","","","","","","","","","","52","52","52","52","52","52","52","52","52","52","54","54","54","54","54","","","","",
"Burkina Faso","BFA","Pago de impuestos (número)","IC.TAX.PAYM","","","","","","","","","","","","","","","","","","","","","","","","","","","","","","","","","","","","","","","","","","","","","","45","45","45","45","45","46","46","46","45","45","45","45","45","45","45","","","","",
"Bangladesh","BGD","Pago de impuestos (número)","IC.TAX.PAYM","","","","","","","","","","","","","","","","","","","","","","","","","","","","","","","","","","","","","","","","","","","","","","","","","","","","","","33","33","33","33","33","33","33","","","","",
"Bulgaria","BGR","Pago de impuestos (número)","IC.TAX.PAYM","","","","","","","","","","","","","","","","","","","","","","","","","","","","","","","","","","","","","","","","","","","","","","29","29","15","15","15","15","15","14","14","14","14","14","14","14","14","","","","",
"Bahrein","BHR","Pago de impuestos (número)","IC.TAX.PAYM","","","","","","","","","","","","","","","","","","","","","","","","","","","","","","","","","","","","","","","","","","","","","","","","25","25","25","13","13","13","13","13","13","13","14","14","3","","","","",
"Bahamas","BHS","Pago de impuestos (número)","IC.TAX.PAYM","","","","","","","","","","","","","","","","","","","","","","","","","","","","","","","","","","","","","","","","","","","","","","","","19","19","19","19","19","19","19","19","19","31","31","20","20","","","","",
"Bosnia y Herzegovina","BIH","Pago de impuestos (número)","IC.TAX.PAYM","","","","","","","","","","","","","","","","","","","","","","","","","","","","","","","","","","","","","","","","","","","","","","55","55","55","55","55","55","55","44","40","45","45","34","33","33","33","","","","",
"Belarús","BLR","Pago de impuestos (número)","IC.TAX.PAYM","","","","","","","","","","","","","","","","","","","","","","","","","","","","","","","","","","","","","","","","","","","","","","125","125","124","112","107","82","18","10","10","7","7","7","7","7","7","","","","",
"Belice","BLZ","Pago de impuestos (número)","IC.TAX.PAYM","","","","","","","","","","","","","","","","","","","","","","","","","","","","","","","","","","","","","","","","","","","","","","41","41","41","40","40","40","29","29","29","29","29","29","29","29","29","","","","",
"Bermudas","BMU","Pago de impuestos (número)","IC.TAX.PAYM","","","","","","","","","","","","","","","","","","","","","","","","","","","","","","","","","","","","","","","","","","","","","","","","","","","","","","","","","","","","","","","","",
"Bolivia","BOL","Pago de impuestos (número)","IC.TAX.PAYM","","","","","","","","","","","","","","","","","","","","","","","","","","","","","","","","","","","","","","","","","","","","","","42","42","42","42","42","42","42","42","42","42","42","42","42","42","42","","","","",
"Brasil","BRA","Pago de impuestos (número)","IC.TAX.PAYM","","","","","","","","","","","","","","","","","","","","","","","","","","","","","","","","","","","","","","","","","","","","","","","","","","","","","","9.61","9.61","9.61","9.61","9.61","9.61","9.61","","","","",
"Barbados","BRB","Pago de impuestos (número)","IC.TAX.PAYM","","","","","","","","","","","","","","","","","","","","","","","","","","","","","","","","","","","","","","","","","","","","","","","","","","","","27","27","27","27","28","28","29","29","28","","","","",
"Brunei Darussalam","BRN","Pago de impuestos (número)","IC.TAX.PAYM","","","","","","","","","","","","","","","","","","","","","","","","","","","","","","","","","","","","","","","","","","","","","","","15","15","15","15","16","28","28","28","28","19","16","15","5","5","","","","",
"Bhután","BTN","Pago de impuestos (número)","IC.TAX.PAYM","","","","","","","","","","","","","","","","","","","","","","","","","","","","","","","","","","","","","","","","","","","","","","18","18","18","18","18","18","18","18","18","18","18","18","18","18","18","","","","",
"Botswana","BWA","Pago de impuestos (número)","IC.TAX.PAYM","","","","","","","","","","","","","","","","","","","","","","","","","","","","","","","","","","","","","","","","","","","","","","34","34","34","34","34","34","34","34","34","34","34","34","34","34","34","","","","",
"República Centroafricana","CAF","Pago de impuestos (número)","IC.TAX.PAYM","","","","","","","","","","","","","","","","","","","","","","","","","","","","","","","","","","","","","","","","","","","","","","66","54","54","54","54","54","54","56","56","56","56","56","56","56","56","","","","",
"Canadá","CAN","Pago de impuestos (número)","IC.TAX.PAYM","","","","","","","","","","","","","","","","","","","","","","","","","","","","","","","","","","","","","","","","","","","","","","9","9","9","9","9","8","8","8","8","8","8","8","8","8","8","","","","",
"Europa Central y del Báltico","CEB","Pago de impuestos (número)","IC.TAX.PAYM","","","","","","","","","","","","","","","","","","","","","","","","","","","","","","","","","","","","","","","","","","","","","","32.6363636363636","29.2727272727273","28.1818181818182","27.9090909090909","27.9090909090909","26.9090909090909","26.5454545454545","17","14.7272727272727","12.3636363636364","10.2727272727273","10.0909090909091","10.0909090909091","9.90909090909091","9.90909090909091","","","","",
"Suiza","CHE","Pago de impuestos (número)","IC.TAX.PAYM","","","","","","","","","","","","","","","","","","","","","","","","","","","","","","","","","","","","","","","","","","","","","","20","19","19","19","19","19","19","19","19","19","19","19","19","19","19","","","","",
"Islas del Canal","CHI","Pago de impuestos (número)","IC.TAX.PAYM","","","","","","","","","","","","","","","","","","","","","","","","","","","","","","","","","","","","","","","","","","","","","","","","","","","","","","","","","","","","","","","","",
"Chile","CHL","Pago de impuestos (número)","IC.TAX.PAYM","","","","","","","","","","","","","","","","","","","","","","","","","","","","","","","","","","","","","","","","","","","","","","8","8","8","8","8","7","7","7","7","7","7","7","7","7","7","","","","",
"China","CHN","Pago de impuestos (número)","IC.TAX.PAYM","","","","","","","","","","","","","","","","","","","","","","","","","","","","","","","","","","","","","","","","","","","","","","","","","","","","","","9","9","9","9","9","7","7","","","","",
"Côte d'Ivoire","CIV","Pago de impuestos (número)","IC.TAX.PAYM","","","","","","","","","","","","","","","","","","","","","","","","","","","","","","","","","","","","","","","","","","","","","","67","67","67","67","67","65","63","63","63","63","63","63","63","63","25","","","","",
"Camerún","CMR","Pago de impuestos (número)","IC.TAX.PAYM","","","","","","","","","","","","","","","","","","","","","","","","","","","","","","","","","","","","","","","","","","","","","","45","45","45","45","44","44","44","44","44","44","44","44","44","44","44","","","","",
"Congo, República Democrática del","COD","Pago de impuestos (número)","IC.TAX.PAYM","","","","","","","","","","","","","","","","","","","","","","","","","","","","","","","","","","","","","","","","","","","","","","40","40","40","40","40","40","40","40","40","50","52","52","52","52","52","","","","",
"Congo, República del","COG","Pago de impuestos (número)","IC.TAX.PAYM","","","","","","","","","","","","","","","","","","","","","","","","","","","","","","","","","","","","","","","","","","","","","","61","61","61","61","61","61","61","61","49","49","50","50","50","50","50","","","","",
"Colombia","COL","Pago de impuestos (número)","IC.TAX.PAYM","","","","","","","","","","","","","","","","","","","","","","","","","","","","","","","","","","","","","","","","","","","","","","70","70","70","32","21","21","10","10","10","11","11","12","12","11","10","","","","",
"Comoras","COM","Pago de impuestos (número)","IC.TAX.PAYM","","","","","","","","","","","","","","","","","","","","","","","","","","","","","","","","","","","","","","","","","","","","","","33","33","33","33","33","33","33","33","33","33","33","33","33","33","33","","","","",
"Cabo Verde","CPV","Pago de impuestos (número)","IC.TAX.PAYM","","","","","","","","","","","","","","","","","","","","","","","","","","","","","","","","","","","","","","","","","","","","","","44","44","44","44","44","31","31","30","30","30","30","30","30","30","30","","","","",
"Costa Rica","CRI","Pago de impuestos (número)","IC.TAX.PAYM","","","","","","","","","","","","","","","","","","","","","","","","","","","","","","","","","","","","","","","","","","","","","","43","43","43","43","43","43","32","24","24","24","10","10","10","10","10","","","","",
"Estados pequeos del Caribe","CSS","Pago de impuestos (número)","IC.TAX.PAYM","","","","","","","","","","","","","","","","","","","","","","","","","","","","","","","","","","","","","","","","","","","","","","36.5555555555556","36.5555555555556","34.7","35.8","35.8","35.8","35.0909090909091","35.0909090909091","35.0909090909091","35.0909090909091","35.1818181818182","36.2727272727273","36.3636363636364","35.3636363636364","35.2727272727273","","","","",
"Cuba","CUB","Pago de impuestos (número)","IC.TAX.PAYM","","","","","","","","","","","","","","","","","","","","","","","","","","","","","","","","","","","","","","","","","","","","","","","","","","","","","","","","","","","","","","","","",
"Curacao","CUW","Pago de impuestos (número)","IC.TAX.PAYM","","","","","","","","","","","","","","","","","","","","","","","","","","","","","","","","","","","","","","","","","","","","","","","","","","","","","","","","","","","","","","","","",
"Islas Caimán","CYM","Pago de impuestos (número)","IC.TAX.PAYM","","","","","","","","","","","","","","","","","","","","","","","","","","","","","","","","","","","","","","","","","","","","","","","","","","","","","","","","","","","","","","","","",
"Chipre","CYP","Pago de impuestos (número)","IC.TAX.PAYM","","","","","","","","","","","","","","","","","","","","","","","","","","","","","","","","","","","","","","","","","","","","","","","","","29","29","29","29","30","31","30","28","28","28","27","16","","","","",
"República Checa","CZE","Pago de impuestos (número)","IC.TAX.PAYM","","","","","","","","","","","","","","","","","","","","","","","","","","","","","","","","","","","","","","","","","","","","","","27","12","12","12","12","12","8","8","8","8","8","8","8","8","8","","","","",
"Alemania","DEU","Pago de impuestos (número)","IC.TAX.PAYM","","","","","","","","","","","","","","","","","","","","","","","","","","","","","","","","","","","","","","","","","","","","","","12","12","12","12","12","12","12","9","9","9","9","9","9","9","9","","","","",
"Djibouti","DJI","Pago de impuestos (número)","IC.TAX.PAYM","","","","","","","","","","","","","","","","","","","","","","","","","","","","","","","","","","","","","","","","","","","","","","23","23","23","23","23","36","36","35","35","35","35","35","35","35","35","","","","",
"Dominica","DMA","Pago de impuestos (número)","IC.TAX.PAYM","","","","","","","","","","","","","","","","","","","","","","","","","","","","","","","","","","","","","","","","","","","","","","37","37","37","37","37","37","37","37","37","37","37","37","37","37","37","","","","",
"Dinamarca","DNK","Pago de impuestos (número)","IC.TAX.PAYM","","","","","","","","","","","","","","","","","","","","","","","","","","","","","","","","","","","","","","","","","","","","","","10","10","10","10","10","10","10","10","10","10","10","10","10","10","10","","","","",
"República Dominicana","DOM","Pago de impuestos (número)","IC.TAX.PAYM","","","","","","","","","","","","","","","","","","","","","","","","","","","","","","","","","","","","","","","","","","","","","","75","63","62","7","7","7","7","7","7","7","7","7","7","7","7","","","","",
"Argelia","DZA","Pago de impuestos (número)","IC.TAX.PAYM","","","","","","","","","","","","","","","","","","","","","","","","","","","","","","","","","","","","","","","","","","","","","","39","39","27","27","27","27","27","27","27","27","27","27","27","27","27","","","","",
"Asia oriental y el Pacífico (excluido altos ingresos)","EAP","Pago de impuestos (número)","IC.TAX.PAYM","","","","","","","","","","","","","","","","","","","","","","","","","","","","","","","","","","","","","","","","","","","","","","29.1176470588235","29.2352941176471","29.3529411764706","27.2941176470588","27.4705882352941","27.4705882352941","27.5294117647059","29.1111111111111","29","29.05","28.55","26.25","24.95","24.7","24.05","","","","",
"inicial del dividendo demográfico","EAR","Pago de impuestos (número)","IC.TAX.PAYM","","","","","","","","","","","","","","","","","","","","","","","","","","","","","","","","","","","","","","","","","","","","","","35.2830188679245","34.4150943396226","33.6111111111111","32.2037037037037","31.9444444444444","31.6296296296296","30.7407407407407","30.7678571428571","31.0837704918033","30.0509836065574","29.7395081967213","29.3132786885246","26.9334426229508","27.0645901639344","26.5236065573771","","","","",
"Asia oriental y el Pacífico","EAS","Pago de impuestos (número)","IC.TAX.PAYM","","","","","","","","","","","","","","","","","","","","","","","","","","","","","","","","","","","","","","","","","","","","","","23.7916666666667","23.52","23.6","22.2","22.08","22.08","22.52","23.6153846153846","23.7241379310345","23.7586206896552","23.1379310344828","21.3793103448276","20.448275862069","19.9310344827586","19.4827586206897","","","","",
"Europa y Asia central (excluido altos ingresos)","ECA","Pago de impuestos (número)","IC.TAX.PAYM","","","","","","","","","","","","","","","","","","","","","","","","","","","","","","","","","","","","","","","","","","","","","","60","61.1875","60","58.3125","56.2941176470588","51.5882352941176","44.2352941176471","35.0588235294118","34.2941176470588","27.2941176470588","24.4705882352941","19.7647058823529","16.5882352941176","16.7647058823529","14.6470588235294","","","","",
"Europa y Asia central","ECS","Pago de impuestos (número)","IC.TAX.PAYM","","","","","","","","","","","","","","","","","","","","","","","","","","","","","","","","","","","","","","","","","","","","","","34.9302325581395","34.4222222222222","33.5111111111111","32.2608695652174","31.8297872340426","29.9148936170213","27.1489361702128","21.4583333333333","20.3877551020408","17.4081632653061","15.9387755102041","14.2448979591837","13.1632653061224","13.6","12.68","","","","",
"Ecuador","ECU","Pago de impuestos (número)","IC.TAX.PAYM","","","","","","","","","","","","","","","","","","","","","","","","","","","","","","","","","","","","","","","","","","","","","","8","8","8","8","8","8","8","8","8","8","8","8","10","8","8","","","","",
"Egipto, República Árabe de","EGY","Pago de impuestos (número)","IC.TAX.PAYM","","","","","","","","","","","","","","","","","","","","","","","","","","","","","","","","","","","","","","","","","","","","","","42","41","36","29","29","29","29","29","29","29","29","29","29","29","27","","","","",
"Zona del Euro","EMU","Pago de impuestos (número)","IC.TAX.PAYM","","","","","","","","","","","","","","","","","","","","","","","","","","","","","","","","","","","","","","","","","","","","","","17.2941176470588","16.3888888888889","15.8888888888889","14.9473684210526","14.3157894736842","14.3684210526316","14.05","12.9","11.8","11.75","11.15","11.05","11.1","10.95","10.4","","","","",
"Eritrea","ERI","Pago de impuestos (número)","IC.TAX.PAYM","","","","","","","","","","","","","","","","","","","","","","","","","","","","","","","","","","","","","","","","","","","","","","30","30","30","30","30","30","30","30","30","30","30","30","30","30","30","","","","",
"España","ESP","Pago de impuestos (número)","IC.TAX.PAYM","","","","","","","","","","","","","","","","","","","","","","","","","","","","","","","","","","","","","","","","","","","","","","8","8","9","9","9","9","9","9","9","9","9","8","9","9","9","","","","",
"Estonia","EST","Pago de impuestos (número)","IC.TAX.PAYM","","","","","","","","","","","","","","","","","","","","","","","","","","","","","","","","","","","","","","","","","","","","","","7","7","7","7","7","7","8","9","8","8","8","8","8","8","8","","","","",
"Etiopía","ETH","Pago de impuestos (número)","IC.TAX.PAYM","","","","","","","","","","","","","","","","","","","","","","","","","","","","","","","","","","","","","","","","","","","","","","29","29","29","29","29","29","29","29","29","29","29","29","29","29","29","","","","",
"Unión Europea","EUU","Pago de impuestos (número)","IC.TAX.PAYM","","","","","","","","","","","","","","","","","","","","","","","","","","","","","","","","","","","","","","","","","","","","","","22","20.56","19.68","19.0384615384615","18.5769230769231","18.1923076923077","17.6296296296296","13.6296296296296","12.7407407407407","11.7407407407407","10.8518518518519","10.7777777777778","10.8148148148148","10.7037037037037","10.2962962962963","","","","",
"Frágiles y situaciones de conflicto afectados","FCS","Pago de impuestos (número)","IC.TAX.PAYM","","","","","","","","","","","","","","","","","","","","","","","","","","","","","","","","","","","","","","","","","","","","","","40.28125","40","40.125","40.09375","39.6363636363636","39.3030303030303","39.0606060606061","35.1388888888889","35.2702702702703","34.6216216216216","34.4594594594595","33.8918918918919","33.9189189189189","34.0810810810811","35","","","","",
"Finlandia","FIN","Pago de impuestos (número)","IC.TAX.PAYM","","","","","","","","","","","","","","","","","","","","","","","","","","","","","","","","","","","","","","","","","","","","","","20","20","20","20","8","8","8","8","8","8","8","8","8","8","8","","","","",
"Fiji","FJI","Pago de impuestos (número)","IC.TAX.PAYM","","","","","","","","","","","","","","","","","","","","","","","","","","","","","","","","","","","","","","","","","","","","","","33","33","33","33","33","33","33","34","38","39","39","38","38","38","38","","","","",
"Francia","FRA","Pago de impuestos (número)","IC.TAX.PAYM","","","","","","","","","","","","","","","","","","","","","","","","","","","","","","","","","","","","","","","","","","","","","","21","21","21","9","9","9","9","9","9","9","9","9","9","9","9","","","","",
"Islas Feroe","FRO","Pago de impuestos (número)","IC.TAX.PAYM","","","","","","","","","","","","","","","","","","","","","","","","","","","","","","","","","","","","","","","","","","","","","","","","","","","","","","","","","","","","","","","","",
"Micronesia (Estados Federados de)","FSM","Pago de impuestos (número)","IC.TAX.PAYM","","","","","","","","","","","","","","","","","","","","","","","","","","","","","","","","","","","","","","","","","","","","","","21","21","21","21","21","21","21","21","21","21","21","21","21","21","21","","","","",
"Gabón","GAB","Pago de impuestos (número)","IC.TAX.PAYM","","","","","","","","","","","","","","","","","","","","","","","","","","","","","","","","","","","","","","","","","","","","","","26","26","26","26","26","26","26","26","26","26","26","26","26","50","50","","","","",
"Reino Unido","GBR","Pago de impuestos (número)","IC.TAX.PAYM","","","","","","","","","","","","","","","","","","","","","","","","","","","","","","","","","","","","","","","","","","","","","","8","8","8","8","8","8","8","8","8","8","8","8","8","8","9","","","","",
"Georgia","GEO","Pago de impuestos (número)","IC.TAX.PAYM","","","","","","","","","","","","","","","","","","","","","","","","","","","","","","","","","","","","","","","","","","","","","","46","33","30","30","30","30","5","5","5","5","5","5","5","5","5","","","","",
"Ghana","GHA","Pago de impuestos (número)","IC.TAX.PAYM","","","","","","","","","","","","","","","","","","","","","","","","","","","","","","","","","","","","","","","","","","","","","","37","37","33","33","33","33","33","32","32","32","32","32","31","31","36","","","","",
"Gibraltar","GIB","Pago de impuestos (número)","IC.TAX.PAYM","","","","","","","","","","","","","","","","","","","","","","","","","","","","","","","","","","","","","","","","","","","","","","","","","","","","","","","","","","","","","","","","",
"Guinea","GIN","Pago de impuestos (número)","IC.TAX.PAYM","","","","","","","","","","","","","","","","","","","","","","","","","","","","","","","","","","","","","","","","","","","","","","57","57","57","57","57","57","57","57","57","57","57","33","33","33","33","","","","",
"Gambia","GMB","Pago de impuestos (número)","IC.TAX.PAYM","","","","","","","","","","","","","","","","","","","","","","","","","","","","","","","","","","","","","","","","","","","","","","48","48","48","48","48","48","48","48","48","49","49","49","49","49","49","","","","",
"Guinea-Bissau","GNB","Pago de impuestos (número)","IC.TAX.PAYM","","","","","","","","","","","","","","","","","","","","","","","","","","","","","","","","","","","","","","","","","","","","","","46","46","46","46","46","46","46","46","46","46","46","46","46","46","46","","","","",
"Guinea Ecuatorial","GNQ","Pago de impuestos (número)","IC.TAX.PAYM","","","","","","","","","","","","","","","","","","","","","","","","","","","","","","","","","","","","","","","","","","","","","","46","46","46","46","46","46","46","46","46","46","46","46","46","46","46","","","","",
"Grecia","GRC","Pago de impuestos (número)","IC.TAX.PAYM","","","","","","","","","","","","","","","","","","","","","","","","","","","","","","","","","","","","","","","","","","","","","","19","19","19","8","8","8","8","8","8","8","8","8","8","8","8","","","","",
"Granada","GRD","Pago de impuestos (número)","IC.TAX.PAYM","","","","","","","","","","","","","","","","","","","","","","","","","","","","","","","","","","","","","","","","","","","","","","42","42","42","42","42","42","42","42","42","42","42","42","42","42","42","","","","",
"Groenlandia","GRL","Pago de impuestos (número)","IC.TAX.PAYM","","","","","","","","","","","","","","","","","","","","","","","","","","","","","","","","","","","","","","","","","","","","","","","","","","","","","","","","","","","","","","","","",
"Guatemala","GTM","Pago de impuestos (número)","IC.TAX.PAYM","","","","","","","","","","","","","","","","","","","","","","","","","","","","","","","","","","","","","","","","","","","","","","38","38","38","38","24","24","21","21","7","8","8","8","8","8","8","","","","",
"Guam","GUM","Pago de impuestos (número)","IC.TAX.PAYM","","","","","","","","","","","","","","","","","","","","","","","","","","","","","","","","","","","","","","","","","","","","","","","","","","","","","","","","","","","","","","","","",
"Guyana","GUY","Pago de impuestos (número)","IC.TAX.PAYM","","","","","","","","","","","","","","","","","","","","","","","","","","","","","","","","","","","","","","","","","","","","","","35","35","35","35","35","35","35","35","35","35","35","35","35","35","35","","","","",
"Ingreso alto","HIC","Pago de impuestos (número)","IC.TAX.PAYM","","","","","","","","","","","","","","","","","","","","","","","","","","","","","","","","","","","","","","","","","","","","","","21.52","20.3653846153846","19.6545454545455","19.5714285714286","19.2678571428571","18.8392857142857","18.9655172413793","16.5932203389831","15.8322580645161","15.3645161290323","14.8645161290323","14.7677419354839","14.8","14.4857142857143","13.8190476190476","","","","",
"Hong Kong, Región Administrativa Especial","HKG","Pago de impuestos (número)","IC.TAX.PAYM","","","","","","","","","","","","","","","","","","","","","","","","","","","","","","","","","","","","","","","","","","","","","","4","4","4","4","4","3","3","3","3","3","3","3","3","3","3","","","","",
"Honduras","HND","Pago de impuestos (número)","IC.TAX.PAYM","","","","","","","","","","","","","","","","","","","","","","","","","","","","","","","","","","","","","","","","","","","","","","58","58","58","58","58","58","58","58","59","59","59","59","59","59","59","","","","",
"Países pobres muy endeudados (PPME)","HPC","Pago de impuestos (número)","IC.TAX.PAYM","","","","","","","","","","","","","","","","","","","","","","","","","","","","","","","","","","","","","","","","","","","","","","43.0810810810811","42.5263157894737","42.5","42.4210526315789","42.3684210526316","42.4210526315789","41.4473684210526","41.2894736842105","41.0526315789474","41.6315789473684","41.5","40.9736842105263","39.8947368421053","39.8684210526316","38.8421052631579","","","","",
"Croacia","HRV","Pago de impuestos (número)","IC.TAX.PAYM","","","","","","","","","","","","","","","","","","","","","","","","","","","","","","","","","","","","","","","","","","","","","","40","40","40","33","33","34","34","34","12","12","12","13","13","12","12","","","","",
"Haití","HTI","Pago de impuestos (número)","IC.TAX.PAYM","","","","","","","","","","","","","","","","","","","","","","","","","","","","","","","","","","","","","","","","","","","","","","47","47","47","47","47","47","47","47","47","47","47","47","47","47","47","","","","",
"Hungría","HUN","Pago de impuestos (número)","IC.TAX.PAYM","","","","","","","","","","","","","","","","","","","","","","","","","","","","","","","","","","","","","","","","","","","","","","13","13","14","14","14","14","13","12","12","11","11","11","11","11","11","","","","",
"Sólo BIRF","IBD","Pago de impuestos (número)","IC.TAX.PAYM","","","","","","","","","","","","","","","","","","","","","","","","","","","","","","","","","","","","","","","","","","","","","","41.4912280701754","41.1034482758621","40.3620689655172","37.5344827586207","37.1724137931034","35.7931034482759","32.7118644067797","27.4","25.3290909090909","23.7230303030303","22.6321212121212","20.6321212121212","19.5083333333333","19.3416666666667","19.2204545454545","","","","",
"BIRF y la AIF","IBT","Pago de impuestos (número)","IC.TAX.PAYM","","","","","","","","","","","","","","","","","","","","","","","","","","","","","","","","","","","","","","","","","","","","","","40.296","40.0708661417323","39.6377952755905","38.3070866141732","38.015625","37.265625","35.5968992248062","33.2954545454545","32.5015602836879","31.4306382978723","30.7497872340426","29.4093617021277","28.081914893617","27.9968085106383","27.3159574468085","","","","",
"total de la AIF","IDA","Pago de impuestos (número)","IC.TAX.PAYM","","","","","","","","","","","","","","","","","","","","","","","","","","","","","","","","","","","","","","","","","","","","","","39.2941176470588","39.2028985507246","39.0289855072464","38.9565217391304","38.7142857142857","38.4857142857143","38.0285714285714","38.2083333333333","38.8133333333333","38.2133333333333","37.8933333333333","37.1333333333333","35.6266666666667","35.6133333333333","34.44","","","","",
"mezcla de la AIF","IDB","Pago de impuestos (número)","IC.TAX.PAYM","","","","","","","","","","","","","","","","","","","","","","","","","","","","","","","","","","","","","","","","","","","","","","41.5333333333333","42","41.0666666666667","41","40.3333333333333","39.3333333333333","38.6","39.4","41.2352941176471","39.9411764705882","39.4117647058824","39.3529411764706","36.2352941176471","36.5882352941176","35.4705882352941","","","","",
"Indonesia","IDN","Pago de impuestos (número)","IC.TAX.PAYM","","","","","","","","","","","","","","","","","","","","","","","","","","","","","","","","","","","","","","","","","","","","","","","","","","","","","","53","53","42","42","42","42","26","","","","",
"Sólo AIF","IDX","Pago de impuestos (número)","IC.TAX.PAYM","","","","","","","","","","","","","","","","","","","","","","","","","","","","","","","","","","","","","","","","","","","","","","38.6603773584906","38.4259259259259","38.462962962963","38.3888888888889","38.2727272727273","38.2545454545455","37.8727272727273","37.8947368421053","38.1034482758621","37.7068965517241","37.448275862069","36.4827586206897","35.448275862069","35.3275862068966","34.1379310344828","","","","",
"Isla de Man","IMN","Pago de impuestos (número)","IC.TAX.PAYM","","","","","","","","","","","","","","","","","","","","","","","","","","","","","","","","","","","","","","","","","","","","","","","","","","","","","","","","","","","","","","","","",
"India","IND","Pago de impuestos (número)","IC.TAX.PAYM","","","","","","","","","","","","","","","","","","","","","","","","","","","","","","","","","","","","","","","","","","","","","","","","","","","","","","41.11","41.11","41.11","33.11","13.94","11.94","10.94","","","","",
"No clasificado","INX","Pago de impuestos (número)","IC.TAX.PAYM","","","","","","","","","","","","","","","","","","","","","","","","","","","","","","","","","","","","","","","","","","","","","","","","","","","","","","","","","","","","","","","","",
"Irlanda","IRL","Pago de impuestos (número)","IC.TAX.PAYM","","","","","","","","","","","","","","","","","","","","","","","","","","","","","","","","","","","","","","","","","","","","","","9","9","9","9","9","9","9","9","9","9","9","9","9","9","9","","","","",
"Irán, República Islámica del","IRN","Pago de impuestos (número)","IC.TAX.PAYM","","","","","","","","","","","","","","","","","","","","","","","","","","","","","","","","","","","","","","","","","","","","","","22","22","22","22","22","20","20","20","20","20","20","20","20","20","20","","","","",
"Iraq","IRQ","Pago de impuestos (número)","IC.TAX.PAYM","","","","","","","","","","","","","","","","","","","","","","","","","","","","","","","","","","","","","","","","","","","","","","15","15","15","15","15","15","15","15","15","15","15","15","15","15","15","","","","",
"Islandia","ISL","Pago de impuestos (número)","IC.TAX.PAYM","","","","","","","","","","","","","","","","","","","","","","","","","","","","","","","","","","","","","","","","","","","","","","42","25","25","25","25","25","24","24","21","21","21","21","21","21","21","","","","",
"Israel","ISR","Pago de impuestos (número)","IC.TAX.PAYM","","","","","","","","","","","","","","","","","","","","","","","","","","","","","","","","","","","","","","","","","","","","","","29","29","28","28","28","28","28","28","28","28","28","28","28","28","6","","","","",
"Italia","ITA","Pago de impuestos (número)","IC.TAX.PAYM","","","","","","","","","","","","","","","","","","","","","","","","","","","","","","","","","","","","","","","","","","","","","","14","14","14","14","14","14","14","13","13","13","14","14","14","14","14","","","","",
"Jamaica","JAM","Pago de impuestos (número)","IC.TAX.PAYM","","","","","","","","","","","","","","","","","","","","","","","","","","","","","","","","","","","","","","","","","","","","","","72","72","72","72","72","72","72","36","36","36","37","12","12","11","11","","","","",
"Jordania","JOR","Pago de impuestos (número)","IC.TAX.PAYM","","","","","","","","","","","","","","","","","","","","","","","","","","","","","","","","","","","","","","","","","","","","","","26","26","26","26","26","26","25","25","25","25","25","25","25","23","9","","","","",
"Japón","JPN","Pago de impuestos (número)","IC.TAX.PAYM","","","","","","","","","","","","","","","","","","","","","","","","","","","","","","","","","","","","","","","","","","","","","","","","","","","","","","18","19","19","19","19","19","19","","","","",
"Kazajstán","KAZ","Pago de impuestos (número)","IC.TAX.PAYM","","","","","","","","","","","","","","","","","","","","","","","","","","","","","","","","","","","","","","","","","","","","","","7","7","7","7","7","8","7","7","8","8","9","9","9","10","10","","","","",
"Kenya","KEN","Pago de impuestos (número)","IC.TAX.PAYM","","","","","","","","","","","","","","","","","","","","","","","","","","","","","","","","","","","","","","","","","","","","","","52","52","51","51","51","51","51","51","51","40","41","41","36","35","24","","","","",
"Kirguistán","KGZ","Pago de impuestos (número)","IC.TAX.PAYM","","","","","","","","","","","","","","","","","","","","","","","","","","","","","","","","","","","","","","","","","","","","","","76","76","76","76","76","48","64","64","64","63","63","63","63","63","26","","","","",
"Camboya","KHM","Pago de impuestos (número)","IC.TAX.PAYM","","","","","","","","","","","","","","","","","","","","","","","","","","","","","","","","","","","","","","","","","","","","","","39","39","39","39","39","39","39","40","40","40","40","40","40","40","40","","","","",
"Kiribati","KIR","Pago de impuestos (número)","IC.TAX.PAYM","","","","","","","","","","","","","","","","","","","","","","","","","","","","","","","","","","","","","","","","","","","","","","7","7","7","7","7","7","7","7","7","7","10","11","11","11","11","","","","",
"Saint Kitts y Nevis","KNA","Pago de impuestos (número)","IC.TAX.PAYM","","","","","","","","","","","","","","","","","","","","","","","","","","","","","","","","","","","","","","","","","","","","","","28","28","27","27","27","27","39","39","39","39","39","39","39","39","39","","","","",
"Corea, República de","KOR","Pago de impuestos (número)","IC.TAX.PAYM","","","","","","","","","","","","","","","","","","","","","","","","","","","","","","","","","","","","","","","","","","","","","","15","15","15","15","15","15","13","11","11","11","12","12","12","12","12","","","","",
"Kuwait","KWT","Pago de impuestos (número)","IC.TAX.PAYM","","","","","","","","","","","","","","","","","","","","","","","","","","","","","","","","","","","","","","","","","","","","","","12","12","12","12","12","12","12","12","12","12","12","12","12","12","12","","","","",
"América Latina y el Caribe (excluido altos ingresos)","LAC","Pago de impuestos (número)","IC.TAX.PAYM","","","","","","","","","","","","","","","","","","","","","","","","","","","","","","","","","","","","","","","","","","","","","","44.35","41.6","41.55","36.35","35.05","35.05","32.05","29.85","26.9368181818182","26.6640909090909","26.0731818181818","24.9822727272727","23.5277272727273","23.3459090909091","23.3004545454545","","","","",
"República Democrática Popular Lao","LAO","Pago de impuestos (número)","IC.TAX.PAYM","","","","","","","","","","","","","","","","","","","","","","","","","","","","","","","","","","","","","","","","","","","","","","34","34","34","34","34","34","34","34","34","35","35","35","35","35","35","","","","",
"Líbano","LBN","Pago de impuestos (número)","IC.TAX.PAYM","","","","","","","","","","","","","","","","","","","","","","","","","","","","","","","","","","","","","","","","","","","","","","20","20","20","20","20","20","20","20","20","20","20","20","20","20","20","","","","",
"Liberia","LBR","Pago de impuestos (número)","IC.TAX.PAYM","","","","","","","","","","","","","","","","","","","","","","","","","","","","","","","","","","","","","","","","","","","","","","","33","33","33","33","33","33","33","33","33","33","33","33","33","33","","","","",
"Libia","LBY","Pago de impuestos (número)","IC.TAX.PAYM","","","","","","","","","","","","","","","","","","","","","","","","","","","","","","","","","","","","","","","","","","","","","","","","","","","","","19","19","19","19","19","19","19","19","","","","",
"Santa Lucía","LCA","Pago de impuestos (número)","IC.TAX.PAYM","","","","","","","","","","","","","","","","","","","","","","","","","","","","","","","","","","","","","","","","","","","","","","35","35","35","35","35","35","35","35","35","35","35","35","35","35","35","","","","",
"América Latina y el Caribe","LCN","Pago de impuestos (número)","IC.TAX.PAYM","","","","","","","","","","","","","","","","","","","","","","","","","","","","","","","","","","","","","","","","","","","","","","42.551724137931","40.6551724137931","39.8666666666667","36.8","35.9666666666667","35.9","34.0322580645161","32.2258064516129","29.8972727272727","29.6548484848485","29.2912121212121","28.5942424242424","27.6851515151515","26.7457575757576","27.5336363636364","","","","",
"Países menos desarrollados: clasificación de las Naciones Unidas","LDC","Pago de impuestos (número)","IC.TAX.PAYM","","","","","","","","","","","","","","","","","","","","","","","","","","","","","","","","","","","","","","","","","","","","","","37.8974358974359","37.5","37.575","37.475","37.225","37.65","37.35","37.2619047619048","37.3023255813954","37.8372093023256","37.7674418604651","37.3023255813954","36.3720930232558","36.4651162790698","36.4883720930233","","","","",
"Países de ingreso bajo","LIC","Pago de impuestos (número)","IC.TAX.PAYM","","","","","","","","","","","","","","","","","","","","","","","","","","","","","","","","","","","","","","","","","","","","","","37.9545454545455","37.2608695652174","37.3478260869565","37.2173913043478","37.1304347826087","37.1739130434783","36.6521739130435","36.2916666666667","36.5416666666667","37","37.125","37.2916666666667","36.4583333333333","36.4166666666667","36.4166666666667","","","","",
"Liechtenstein","LIE","Pago de impuestos (número)","IC.TAX.PAYM","","","","","","","","","","","","","","","","","","","","","","","","","","","","","","","","","","","","","","","","","","","","","","","","","","","","","","","","","","","34","34","","","","",
"Sri Lanka","LKA","Pago de impuestos (número)","IC.TAX.PAYM","","","","","","","","","","","","","","","","","","","","","","","","","","","","","","","","","","","","","","","","","","","","","","58","59","59","59","59","71","71","61","58","47","47","47","47","36","36","","","","",
"Países de ingreso mediano bajo","LMC","Pago de impuestos (número)","IC.TAX.PAYM","","","","","","","","","","","","","","","","","","","","","","","","","","","","","","","","","","","","","","","","","","","","","","40.9565217391304","41.1086956521739","40.6086956521739","40.4347826086956","40.5","39.8260869565217","39.3695652173913","39.2765957446809","39.2766666666667","37.9629411764706","37.3747058823529","36.0609803921569","33.6458823529412","33.3517647058824","31.2145098039216","","","","",
"Ingreso mediano y bajo","LMY","Pago de impuestos (número)","IC.TAX.PAYM","","","","","","","","","","","","","","","","","","","","","","","","","","","","","","","","","","","","","","","","","","","","","","40.0714285714286","39.8245614035088","39.4824561403509","37.9122807017544","37.5739130434783","36.8434782608696","35.0086956521739","33.2118644067797","32.7755555555556","31.704126984127","31.0295238095238","29.6088888888889","28.1075396825397","28.1472222222222","27.1710317460317","","","","",
"Lesotho","LSO","Pago de impuestos (número)","IC.TAX.PAYM","","","","","","","","","","","","","","","","","","","","","","","","","","","","","","","","","","","","","","","","","","","","","","33","33","33","32","32","32","32","32","32","32","32","32","32","32","32","","","","",
"avanzada del dividendo demográfico","LTE","Pago de impuestos (número)","IC.TAX.PAYM","","","","","","","","","","","","","","","","","","","","","","","","","","","","","","","","","","","","","","","","","","","","","","37.075","36.5476190476191","35.2272727272727","33.2444444444444","33.2","31.9555555555556","30.0222222222222","25.5555555555556","23.804375","21.929375","20.179375","18.0960416666667","17.741875","16.929375","15.9085416666667","","","","",
"Lituania","LTU","Pago de impuestos (número)","IC.TAX.PAYM","","","","","","","","","","","","","","","","","","","","","","","","","","","","","","","","","","","","","","","","","","","","","","11","11","12","12","12","11","11","11","11","11","11","11","11","10","10","","","","",
"Luxemburgo","LUX","Pago de impuestos (número)","IC.TAX.PAYM","","","","","","","","","","","","","","","","","","","","","","","","","","","","","","","","","","","","","","","","","","","","","","","23","23","23","23","23","23","23","23","23","23","23","23","23","23","","","","",
"Letonia","LVA","Pago de impuestos (número)","IC.TAX.PAYM","","","","","","","","","","","","","","","","","","","","","","","","","","","","","","","","","","","","","","","","","","","","","","29","7","7","7","7","7","7","7","7","7","7","7","7","7","7","","","","",
"Región Administrativa Especial de Macao, China","MAC","Pago de impuestos (número)","IC.TAX.PAYM","","","","","","","","","","","","","","","","","","","","","","","","","","","","","","","","","","","","","","","","","","","","","","","","","","","","","","","","","","","","","","","","",
"Isla de San Martín (parte francesa)","MAF","Pago de impuestos (número)","IC.TAX.PAYM","","","","","","","","","","","","","","","","","","","","","","","","","","","","","","","","","","","","","","","","","","","","","","","","","","","","","","","","","","","","","","","","",
"Marruecos","MAR","Pago de impuestos (número)","IC.TAX.PAYM","","","","","","","","","","","","","","","","","","","","","","","","","","","","","","","","","","","","","","","","","","","","","","28","28","28","28","28","28","17","17","6","6","6","6","6","6","6","","","","",
"Mónaco","MCO","Pago de impuestos (número)","IC.TAX.PAYM","","","","","","","","","","","","","","","","","","","","","","","","","","","","","","","","","","","","","","","","","","","","","","","","","","","","","","","","","","","","","","","","",
"República de Moldova","MDA","Pago de impuestos (número)","IC.TAX.PAYM","","","","","","","","","","","","","","","","","","","","","","","","","","","","","","","","","","","","","","","","","","","","","","53","53","53","53","49","49","49","49","32","21","21","10","10","10","10","","","","",
"Madagascar","MDG","Pago de impuestos (número)","IC.TAX.PAYM","","","","","","","","","","","","","","","","","","","","","","","","","","","","","","","","","","","","","","","","","","","","","","27","26","26","25","23","23","23","23","23","23","23","23","23","23","23","","","","",
"Maldivas","MDV","Pago de impuestos (número)","IC.TAX.PAYM","","","","","","","","","","","","","","","","","","","","","","","","","","","","","","","","","","","","","","","","","","","","","","3","3","3","3","3","3","3","17","30","30","30","30","17","17","17","","","","",
"Oriente Medio y Norte de África","MEA","Pago de impuestos (número)","IC.TAX.PAYM","","","","","","","","","","","","","","","","","","","","","","","","","","","","","","","","","","","","","","","","","","","","","","24.9411764705882","24.8823529411765","22.7894736842105","22.4210526315789","22.4210526315789","21.6315789473684","20.3","19.2380952380952","18.7142857142857","18.1904761904762","18.1904761904762","18.2380952380952","18.3333333333333","18.1904761904762","15.952380952381","","","","",
"México","MEX","Pago de impuestos (número)","IC.TAX.PAYM","","","","","","","","","","","","","","","","","","","","","","","","","","","","","","","","","","","","","","","","","","","","","","","","","","","","","","6","6","6","6","6","6","6","","","","",
"Islas Marshall","MHL","Pago de impuestos (número)","IC.TAX.PAYM","","","","","","","","","","","","","","","","","","","","","","","","","","","","","","","","","","","","","","","","","","","","","","9","9","9","9","9","9","9","9","9","9","9","9","9","9","9","","","","",
" Ingreso mediano","MIC","Pago de impuestos (número)","IC.TAX.PAYM","","","","","","","","","","","","","","","","","","","","","","","","","","","","","","","","","","","","","","","","","","","","","","40.5888888888889","40.4725274725275","40.021978021978","38.0879120879121","37.6847826086956","36.7608695652174","34.5978260869565","32.4255319148936","31.8894117647059","30.4580392156863","29.5952941176471","27.8011764705882","26.1426470588235","26.2014705882353","24.9955882352941","","","","",
"Macedonia del Norte","MKD","Pago de impuestos (número)","IC.TAX.PAYM","","","","","","","","","","","","","","","","","","","","","","","","","","","","","","","","","","","","","","","","","","","","","","43","43","40","40","40","40","40","29","29","7","7","7","7","7","7","","","","",
"Malí","MLI","Pago de impuestos (número)","IC.TAX.PAYM","","","","","","","","","","","","","","","","","","","","","","","","","","","","","","","","","","","","","","","","","","","","","","59","59","59","59","59","59","59","45","35","35","35","35","35","35","35","","","","",
"Malta","MLT","Pago de impuestos (número)","IC.TAX.PAYM","","","","","","","","","","","","","","","","","","","","","","","","","","","","","","","","","","","","","","","","","","","","","","","","","","","","7","7","7","7","7","8","8","8","8","","","","",
"Myanmar","MMR","Pago de impuestos (número)","IC.TAX.PAYM","","","","","","","","","","","","","","","","","","","","","","","","","","","","","","","","","","","","","","","","","","","","","","","","","","","","","31","31","31","31","31","31","31","31","","","","",
"Oriente Medio y Norte de África (excluido altos ingresos)","MNA","Pago de impuestos (número)","IC.TAX.PAYM","","","","","","","","","","","","","","","","","","","","","","","","","","","","","","","","","","","","","","","","","","","","","","28.3333333333333","28.25","26.8333333333333","26.25","26.25","26","25","24.4615384615385","23.6153846153846","22.7692307692308","22.7692307692308","22.7692307692308","22.8461538461538","22.6153846153846","21.3846153846154","","","","",
"Montenegro","MNE","Pago de impuestos (número)","IC.TAX.PAYM","","","","","","","","","","","","","","","","","","","","","","","","","","","","","","","","","","","","","","","","","","","","","","","89","89","89","89","77","42","40","40","40","29","18","18","18","18","","","","",
"Mongolia","MNG","Pago de impuestos (número)","IC.TAX.PAYM","","","","","","","","","","","","","","","","","","","","","","","","","","","","","","","","","","","","","","","","","","","","","","41","41","41","41","41","41","41","41","41","41","41","19","19","19","19","","","","",
"Mariana","MNP","Pago de impuestos (número)","IC.TAX.PAYM","","","","","","","","","","","","","","","","","","","","","","","","","","","","","","","","","","","","","","","","","","","","","","","","","","","","","","","","","","","","","","","","",
"Mozambique","MOZ","Pago de impuestos (número)","IC.TAX.PAYM","","","","","","","","","","","","","","","","","","","","","","","","","","","","","","","","","","","","","","","","","","","","","","37","37","37","37","37","37","37","37","37","37","37","37","37","37","37","","","","",
"Mauritania","MRT","Pago de impuestos (número)","IC.TAX.PAYM","","","","","","","","","","","","","","","","","","","","","","","","","","","","","","","","","","","","","","","","","","","","","","37","37","37","37","37","37","37","37","37","49","49","45","33","33","33","","","","",
"Mauricio","MUS","Pago de impuestos (número)","IC.TAX.PAYM","","","","","","","","","","","","","","","","","","","","","","","","","","","","","","","","","","","","","","","","","","","","","","8","8","8","8","8","8","8","8","8","8","8","8","8","8","8","","","","",
"Malawi","MWI","Pago de impuestos (número)","IC.TAX.PAYM","","","","","","","","","","","","","","","","","","","","","","","","","","","","","","","","","","","","","","","","","","","","","","23","23","23","23","23","23","23","30","35","35","35","35","35","35","35","","","","",
"Malasia","MYS","Pago de impuestos (número)","IC.TAX.PAYM","","","","","","","","","","","","","","","","","","","","","","","","","","","","","","","","","","","","","","","","","","","","","","35","35","35","12","12","12","13","13","13","13","13","9","8","8","9","","","","",
"América del Norte","NAC","Pago de impuestos (número)","IC.TAX.PAYM","","","","","","","","","","","","","","","","","","","","","","","","","","","","","","","","","","","","","","","","","","","","","","9","9","9","9","9","8","8","8","9.3","9.3","9.3","9.3","9.3","9.3","9.3","","","","",
"Namibia","NAM","Pago de impuestos (número)","IC.TAX.PAYM","","","","","","","","","","","","","","","","","","","","","","","","","","","","","","","","","","","","","","","","","","","","","","37","37","37","37","37","37","37","26","26","26","27","27","27","27","27","","","","",
"Nueva Caledonia","NCL","Pago de impuestos (número)","IC.TAX.PAYM","","","","","","","","","","","","","","","","","","","","","","","","","","","","","","","","","","","","","","","","","","","","","","","","","","","","","","","","","","","","","","","","",
"Níger","NER","Pago de impuestos (número)","IC.TAX.PAYM","","","","","","","","","","","","","","","","","","","","","","","","","","","","","","","","","","","","","","","","","","","","","","41","41","42","41","41","41","41","41","41","41","41","41","41","41","41","","","","",
"Nigeria","NGA","Pago de impuestos (número)","IC.TAX.PAYM","","","","","","","","","","","","","","","","","","","","","","","","","","","","","","","","","","","","","","","","","","","","","","","","","","","","","","59","59","48","48","48","48","48","","","","",
"Nicaragua","NIC","Pago de impuestos (número)","IC.TAX.PAYM","","","","","","","","","","","","","","","","","","","","","","","","","","","","","","","","","","","","","","","","","","","","","","66","66","66","66","66","66","43","43","43","43","43","43","43","43","43","","","","",
"Países Bajos","NLD","Pago de impuestos (número)","IC.TAX.PAYM","","","","","","","","","","","","","","","","","","","","","","","","","","","","","","","","","","","","","","","","","","","","","","20","20","9","9","9","9","9","9","9","9","9","9","9","9","9","","","","",
"Noruega","NOR","Pago de impuestos (número)","IC.TAX.PAYM","","","","","","","","","","","","","","","","","","","","","","","","","","","","","","","","","","","","","","","","","","","","","","4","4","4","4","4","4","4","4","4","4","4","4","4","5","5","","","","",
"Nepal","NPL","Pago de impuestos (número)","IC.TAX.PAYM","","","","","","","","","","","","","","","","","","","","","","","","","","","","","","","","","","","","","","","","","","","","","","34","34","34","34","34","34","34","34","34","34","34","34","34","39","46","","","","",
"Nauru","NRU","Pago de impuestos (número)","IC.TAX.PAYM","","","","","","","","","","","","","","","","","","","","","","","","","","","","","","","","","","","","","","","","","","","","","","","","","","","","","","","","","","","","","","","","",
"Nueva Zelandia","NZL","Pago de impuestos (número)","IC.TAX.PAYM","","","","","","","","","","","","","","","","","","","","","","","","","","","","","","","","","","","","","","","","","","","","","","8","8","8","8","8","8","8","8","8","8","8","7","7","7","7","","","","",
"Miembros OCDE","OED","Pago de impuestos (número)","IC.TAX.PAYM","","","","","","","","","","","","","","","","","","","","","","","","","","","","","","","","","","","","","","","","","","","","","","18.5294117647059","17.0571428571429","16.8","15.0285714285714","14.3428571428571","13.9714285714286","13.1428571428571","11.8285714285714","11.7","11.7263157894737","10.8052631578947","10.7","10.7263157894737","10.7","10.1210526315789","","","","",
"Omán","OMN","Pago de impuestos (número)","IC.TAX.PAYM","","","","","","","","","","","","","","","","","","","","","","","","","","","","","","","","","","","","","","","","","","","","","","15","15","15","15","15","15","15","15","15","15","15","15","15","15","15","","","","",
"Otros Estados pequeos","OSS","Pago de impuestos (número)","IC.TAX.PAYM","","","","","","","","","","","","","","","","","","","","","","","","","","","","","","","","","","","","","","","","","","","","","","24.5833333333333","27.2857142857143","27.1333333333333","27.25","26.8125","25.5625","22.8235294117647","24.2222222222222","24.7777777777778","24.7222222222222","23.5","22.7777777777778","22.0555555555556","21.4444444444444","20.2222222222222","","","","",
"Pakistán","PAK","Pago de impuestos (número)","IC.TAX.PAYM","","","","","","","","","","","","","","","","","","","","","","","","","","","","","","","","","","","","","","","","","","","","","","","","","","","","","","47","47","47","47","47","47","34","","","","",
"Panamá","PAN","Pago de impuestos (número)","IC.TAX.PAYM","","","","","","","","","","","","","","","","","","","","","","","","","","","","","","","","","","","","","","","","","","","","","","52","52","52","52","52","52","52","60","52","52","52","52","52","36","36","","","","",
"Perú","PER","Pago de impuestos (número)","IC.TAX.PAYM","","","","","","","","","","","","","","","","","","","","","","","","","","","","","","","","","","","","","","","","","","","","","","9","9","9","9","9","9","8","8","8","8","8","8","8","8","8","","","","",
"Filipinas","PHL","Pago de impuestos (número)","IC.TAX.PAYM","","","","","","","","","","","","","","","","","","","","","","","","","","","","","","","","","","","","","","","","","","","","","","48","48","47","47","47","47","47","47","36","36","35","27","19","13","13","","","","",
"Palau","PLW","Pago de impuestos (número)","IC.TAX.PAYM","","","","","","","","","","","","","","","","","","","","","","","","","","","","","","","","","","","","","","","","","","","","","","11","11","11","11","11","11","11","11","11","11","11","11","11","11","11","","","","",
"Papua Nueva Guinea","PNG","Pago de impuestos (número)","IC.TAX.PAYM","","","","","","","","","","","","","","","","","","","","","","","","","","","","","","","","","","","","","","","","","","","","","","33","32","32","32","32","32","32","32","32","32","32","32","32","39","45","","","","",
"Polonia","POL","Pago de impuestos (número)","IC.TAX.PAYM","","","","","","","","","","","","","","","","","","","","","","","","","","","","","","","","","","","","","","","","","","","","","","41","41","41","41","41","30","30","19","19","19","7","7","7","7","7","","","","",
"previa al dividendo demográfico","PRE","Pago de impuestos (número)","IC.TAX.PAYM","","","","","","","","","","","","","","","","","","","","","","","","","","","","","","","","","","","","","","","","","","","","","","41.6060606060606","41.0294117647059","41.0882352941176","41","40.6470588235294","40.6176470588235","40.4411764705882","40.4285714285714","40.5555555555556","40.8611111111111","40.4444444444444","39.75","39.0555555555556","39","37.4722222222222","","","","",
"Puerto Rico","PRI","Pago de impuestos (número)","IC.TAX.PAYM","","","","","","","","","","","","","","","","","","","","","","","","","","","","","","","","","","","","","","","","","","","","","","15","15","16","16","16","16","16","16","16","16","16","16","16","16","16","","","","",
"Corea, República Popular Democrática de","PRK","Pago de impuestos (número)","IC.TAX.PAYM","","","","","","","","","","","","","","","","","","","","","","","","","","","","","","","","","","","","","","","","","","","","","","","","","","","","","","","","","","","","","","","","",
"Portugal","PRT","Pago de impuestos (número)","IC.TAX.PAYM","","","","","","","","","","","","","","","","","","","","","","","","","","","","","","","","","","","","","","","","","","","","","","7","7","7","7","7","8","8","8","8","8","8","8","8","8","8","","","","",
"Paraguay","PRY","Pago de impuestos (número)","IC.TAX.PAYM","","","","","","","","","","","","","","","","","","","","","","","","","","","","","","","","","","","","","","","","","","","","","","35","35","35","35","34","34","34","34","27","19","19","19","19","19","19","","","","",
"Ribera Occidental y Gaza","PSE","Pago de impuestos (número)","IC.TAX.PAYM","","","","","","","","","","","","","","","","","","","","","","","","","","","","","","","","","","","","","","","","","","","","","","39","39","39","39","39","39","39","39","39","28","28","28","28","28","28","","","","",
"Estados pequeos de las Islas del Pacfico","PSS","Pago de impuestos (número)","IC.TAX.PAYM","","","","","","","","","","","","","","","","","","","","","","","","","","","","","","","","","","","","","","","","","","","","","","21.7777777777778","22.1111111111111","22.4444444444444","22.4444444444444","22.4444444444444","22.4444444444444","22.4444444444444","23.7777777777778","24.2222222222222","24.2222222222222","24.6666666666667","24.6666666666667","24.6666666666667","24.6666666666667","24.6666666666667","","","","",
"posterior al dividendo demográfico","PST","Pago de impuestos (número)","IC.TAX.PAYM","","","","","","","","","","","","","","","","","","","","","","","","","","","","","","","","","","","","","","","","","","","","","","24.5161290322581","23.9375","23.21875","22.25","21.71875","20.53125","18.2352941176471","13.9705882352941","13.2666666666667","12.6833333333333","12.7666666666667","12.4333333333333","12.4611111111111","12.4333333333333","12.4333333333333","","","","",
"Polinesia Francesa","PYF","Pago de impuestos (número)","IC.TAX.PAYM","","","","","","","","","","","","","","","","","","","","","","","","","","","","","","","","","","","","","","","","","","","","","","","","","","","","","","","","","","","","","","","","",
"Qatar","QAT","Pago de impuestos (número)","IC.TAX.PAYM","","","","","","","","","","","","","","","","","","","","","","","","","","","","","","","","","","","","","","","","","","","","","","","","3","3","3","3","3","4","4","4","4","4","4","4","4","","","","",
"Rumania","ROU","Pago de impuestos (número)","IC.TAX.PAYM","","","","","","","","","","","","","","","","","","","","","","","","","","","","","","","","","","","","","","","","","","","","","","108","108","108","113","113","113","113","41","39","14","14","14","14","14","14","","","","",
"Federación de Rusia","RUS","Pago de impuestos (número)","IC.TAX.PAYM","","","","","","","","","","","","","","","","","","","","","","","","","","","","","","","","","","","","","","","","","","","","","","","","","","","","","","9","9","9","9","9","9","9","","","","",
"Rwanda","RWA","Pago de impuestos (número)","IC.TAX.PAYM","","","","","","","","","","","","","","","","","","","","","","","","","","","","","","","","","","","","","","","","","","","","","","25","25","25","25","25","25","17","17","25","25","25","29","9","9","9","","","","",
"Asia meridional","SAS","Pago de impuestos (número)","IC.TAX.PAYM","","","","","","","","","","","","","","","","","","","","","","","","","","","","","","","","","","","","","","","","","","","","","","25.8","26","26.6","26.6","26.6","29","29","29.8","35.01375","33.63875","33.63875","32.63875","28.6175","27.6175","26.7425","","","","",
"Arabia Saudita","SAU","Pago de impuestos (número)","IC.TAX.PAYM","","","","","","","","","","","","","","","","","","","","","","","","","","","","","","","","","","","","","","","","","","","","","","14","14","14","14","14","14","14","3","3","3","3","3","3","3","4","","","","",
"Sudán","SDN","Pago de impuestos (número)","IC.TAX.PAYM","","","","","","","","","","","","","","","","","","","","","","","","","","","","","","","","","","","","","","","","","","","","","","42","42","42","42","42","42","42","42","42","42","42","42","42","42","42","","","","",
"Senegal","SEN","Pago de impuestos (número)","IC.TAX.PAYM","","","","","","","","","","","","","","","","","","","","","","","","","","","","","","","","","","","","","","","","","","","","","","59","59","59","59","59","59","59","59","59","58","58","58","58","58","53","","","","",
"Singapur","SGP","Pago de impuestos (número)","IC.TAX.PAYM","","","","","","","","","","","","","","","","","","","","","","","","","","","","","","","","","","","","","","","","","","","","","","5","5","5","5","6","6","6","6","6","6","6","5","5","5","5","","","","",
"Islas Salomón","SLB","Pago de impuestos (número)","IC.TAX.PAYM","","","","","","","","","","","","","","","","","","","","","","","","","","","","","","","","","","","","","","","","","","","","","","34","34","34","34","34","34","34","34","34","34","34","34","34","34","34","","","","",
"Sierra Leona","SLE","Pago de impuestos (número)","IC.TAX.PAYM","","","","","","","","","","","","","","","","","","","","","","","","","","","","","","","","","","","","","","","","","","","","","","29","29","29","29","29","29","33","33","33","33","34","34","34","34","34","","","","",
"El Salvador","SLV","Pago de impuestos (número)","IC.TAX.PAYM","","","","","","","","","","","","","","","","","","","","","","","","","","","","","","","","","","","","","","","","","","","","","","41","41","41","41","41","41","41","41","41","41","41","41","7","7","7","","","","",
"San Marino","SMR","Pago de impuestos (número)","IC.TAX.PAYM","","","","","","","","","","","","","","","","","","","","","","","","","","","","","","","","","","","","","","","","","","","","","","","","","","","","","18","18","18","18","18","18","18","18","","","","",
"Somalia","SOM","Pago de impuestos (número)","IC.TAX.PAYM","","","","","","","","","","","","","","","","","","","","","","","","","","","","","","","","","","","","","","","","","","","","","","","","","","","","","","","","","","","","","","","","",
"Serbia","SRB","Pago de impuestos (número)","IC.TAX.PAYM","","","","","","","","","","","","","","","","","","","","","","","","","","","","","","","","","","","","","","","","","","","","","","67","67","67","67","67","67","67","67","67","67","42","33","33","33","33","","","","",
"África al sur del Sahara (excluido altos ingresos)","SSA","Pago de impuestos (número)","IC.TAX.PAYM","","","","","","","","","","","","","","","","","","","","","","","","","","","","","","","","","","","","","","","","","","","","","","40.3953488372093","40.0681818181818","39.9090909090909","39.7727272727273","39.7272727272727","39.4318181818182","39.0909090909091","38.5555555555556","38.8478260869565","39.0869565217391","38.7826086956522","38.3260869565217","37.3260869565217","37.804347826087","36.7173913043478","","","","",
"Sudán del Sur","SSD","Pago de impuestos (número)","IC.TAX.PAYM","","","","","","","","","","","","","","","","","","","","","","","","","","","","","","","","","","","","","","","","","","","","","","","","","","","","","33","37","37","37","37","37","37","37","","","","",
"África al sur del Sahara","SSF","Pago de impuestos (número)","IC.TAX.PAYM","","","","","","","","","","","","","","","","","","","","","","","","","","","","","","","","","","","","","","","","","","","","","","40.0909090909091","39.7777777777778","39.6222222222222","39.4888888888889","39.4666666666667","39.1777777777778","38.7333333333333","38.3478260869565","38.6382978723404","38.8723404255319","38.5744680851064","38.1276595744681","37.1489361702128","37.6170212765957","36.5531914893617","","","","",
"Pequeños Estados","SST","Pago de impuestos (número)","IC.TAX.PAYM","","","","","","","","","","","","","","","","","","","","","","","","","","","","","","","","","","","","","","","","","","","","","","27.3333333333333","28.4375","28.1176470588235","28.4571428571429","28.2571428571429","27.6857142857143","26.3783783783784","27.2631578947368","27.6315789473684","27.6052631578947","27.1578947368421","27.1315789473684","26.8157894736842","26.2368421052632","25.6315789473684","","","","",
"Santo Tomé y Príncipe","STP","Pago de impuestos (número)","IC.TAX.PAYM","","","","","","","","","","","","","","","","","","","","","","","","","","","","","","","","","","","","","","","","","","","","","","42","42","42","42","43","46","46","46","46","46","46","46","46","46","46","","","","",
"Suriname","SUR","Pago de impuestos (número)","IC.TAX.PAYM","","","","","","","","","","","","","","","","","","","","","","","","","","","","","","","","","","","","","","","","","","","","","","30","30","30","30","30","30","30","30","30","30","30","30","30","30","30","","","","",
"República Eslovaca","SVK","Pago de impuestos (número)","IC.TAX.PAYM","","","","","","","","","","","","","","","","","","","","","","","","","","","","","","","","","","","","","","","","","","","","","","32","32","32","32","32","32","32","22","22","22","11","8","8","8","8","","","","",
"Eslovenia","SVN","Pago de impuestos (número)","IC.TAX.PAYM","","","","","","","","","","","","","","","","","","","","","","","","","","","","","","","","","","","","","","","","","","","","","","22","22","22","21","21","21","21","10","10","10","10","10","10","10","10","","","","",
"Suecia","SWE","Pago de impuestos (número)","IC.TAX.PAYM","","","","","","","","","","","","","","","","","","","","","","","","","","","","","","","","","","","","","","","","","","","","","","6","6","6","6","6","6","6","6","6","6","6","6","6","6","6","","","","",
"Eswatini","SWZ","Pago de impuestos (número)","IC.TAX.PAYM","","","","","","","","","","","","","","","","","","","","","","","","","","","","","","","","","","","","","","","","","","","","","","33","33","33","33","33","33","33","33","33","33","33","33","33","33","33","","","","",
"Sint Maarten (Dutch part)","SXM","Pago de impuestos (número)","IC.TAX.PAYM","","","","","","","","","","","","","","","","","","","","","","","","","","","","","","","","","","","","","","","","","","","","","","","","","","","","","","","","","","","","","","","","",
"Seychelles","SYC","Pago de impuestos (número)","IC.TAX.PAYM","","","","","","","","","","","","","","","","","","","","","","","","","","","","","","","","","","","","","","","","","","","","","","27","27","27","27","28","28","23","29","29","29","29","29","29","29","29","","","","",
"República Árabe Siria","SYR","Pago de impuestos (número)","IC.TAX.PAYM","","","","","","","","","","","","","","","","","","","","","","","","","","","","","","","","","","","","","","","","","","","","","","20","20","20","20","20","20","20","20","20","20","20","20","20","20","20","","","","",
"Islas Turcas y Caicos","TCA","Pago de impuestos (número)","IC.TAX.PAYM","","","","","","","","","","","","","","","","","","","","","","","","","","","","","","","","","","","","","","","","","","","","","","","","","","","","","","","","","","","","","","","","",
"Chad","TCD","Pago de impuestos (número)","IC.TAX.PAYM","","","","","","","","","","","","","","","","","","","","","","","","","","","","","","","","","","","","","","","","","","","","","","54","54","54","54","54","54","54","54","54","54","54","54","54","54","54","","","","",
"Asia oriental y el Pacífico (BIRF y la AIF)","TEA","Pago de impuestos (número)","IC.TAX.PAYM","","","","","","","","","","","","","","","","","","","","","","","","","","","","","","","","","","","","","","","","","","","","","","28.1111111111111","28.2222222222222","28.3333333333333","26.3888888888889","26.5555555555556","26.5555555555556","26.6111111111111","28.1578947368421","28.1428571428571","28.1904761904762","27.7142857142857","25.5238095238095","24.2857142857143","24.047619047619","23.4285714285714","","","","",
"Europa y Asia central (BIRF y la AIF)","TEC","Pago de impuestos (número)","IC.TAX.PAYM","","","","","","","","","","","","","","","","","","","","","","","","","","","","","","","","","","","","","","","","","","","","","","58.8421052631579","59.85","58.2","56.75","55.1904761904762","50.9047619047619","44.9523809523809","33.5238095238095","30.7272727272727","24.1818181818182","21.4545454545455","17.8636363636364","15.4090909090909","15.5","13.8636363636364","","","","",
"Togo","TGO","Pago de impuestos (número)","IC.TAX.PAYM","","","","","","","","","","","","","","","","","","","","","","","","","","","","","","","","","","","","","","","","","","","","","","49","51","49","49","49","49","49","49","49","49","49","49","49","49","49","","","","",
"Tailandia","THA","Pago de impuestos (número)","IC.TAX.PAYM","","","","","","","","","","","","","","","","","","","","","","","","","","","","","","","","","","","","","","","","","","","","","","33","33","33","21","21","21","21","21","21","21","21","21","21","21","21","","","","",
"Tayikistán","TJK","Pago de impuestos (número)","IC.TAX.PAYM","","","","","","","","","","","","","","","","","","","","","","","","","","","","","","","","","","","","","","","","","","","","","","69","69","69","69","69","69","69","73","73","40","28","13","7","7","7","","","","",
"Turkmenistán","TKM","Pago de impuestos (número)","IC.TAX.PAYM","","","","","","","","","","","","","","","","","","","","","","","","","","","","","","","","","","","","","","","","","","","","","","","","","","","","","","","","","","","","","","","","",
"América Latina y el Caribe (BIRF y la AIF)","TLA","Pago de impuestos (número)","IC.TAX.PAYM","","","","","","","","","","","","","","","","","","","","","","","","","","","","","","","","","","","","","","","","","","","","","","43.5357142857143","41.5714285714286","41.4642857142857","38.1785714285714","37.2857142857143","37.2142857142857","35.1724137931034","33.2413793103448","30.6970967741936","30.4390322580645","30.051935483871","28.9229032258065","27.9551612903226","27.31","28.1487096774194","","","","",
"Timor-Leste","TLS","Pago de impuestos (número)","IC.TAX.PAYM","","","","","","","","","","","","","","","","","","","","","","","","","","","","","","","","","","","","","","","","","","","","","","15","15","15","15","6","6","6","18","18","18","18","18","18","18","18","","","","",
"Oriente Medio y Norte de África (BIRF y la AIF)","TMN","Pago de impuestos (número)","IC.TAX.PAYM","","","","","","","","","","","","","","","","","","","","","","","","","","","","","","","","","","","","","","","","","","","","","","27.3636363636364","27.2727272727273","25.7272727272727","25.0909090909091","25.0909090909091","24.8181818181818","23.7272727272727","23.25","22.3333333333333","22.3333333333333","22.3333333333333","22.3333333333333","22.4166666666667","22.1666666666667","20.8333333333333","","","","",
"Tonga","TON","Pago de impuestos (número)","IC.TAX.PAYM","","","","","","","","","","","","","","","","","","","","","","","","","","","","","","","","","","","","","","","","","","","","","","13","16","19","19","19","19","19","30","30","29","30","30","30","30","30","","","","",
"Asia meridional (BIRF y la AIF)","TSA","Pago de impuestos (número)","IC.TAX.PAYM","","","","","","","","","","","","","","","","","","","","","","","","","","","","","","","","","","","","","","","","","","","","","","25.8","26","26.6","26.6","26.6","29","29","29.8","35.01375","33.63875","33.63875","32.63875","28.6175","27.6175","26.7425","","","","",
"África al sur del Sahara (BIRF y la AIF)","TSS","Pago de impuestos (número)","IC.TAX.PAYM","","","","","","","","","","","","","","","","","","","","","","","","","","","","","","","","","","","","","","","","","","","","","","40.0909090909091","39.7777777777778","39.6222222222222","39.4888888888889","39.4666666666667","39.1777777777778","38.7333333333333","38.3478260869565","38.6382978723404","38.8723404255319","38.5744680851064","38.1276595744681","37.1489361702128","37.6170212765957","36.5531914893617","","","","",
"Trinidad y Tobago","TTO","Pago de impuestos (número)","IC.TAX.PAYM","","","","","","","","","","","","","","","","","","","","","","","","","","","","","","","","","","","","","","","","","","","","","","40","40","40","40","40","40","39","39","39","39","39","39","39","39","39","","","","",
"Túnez","TUN","Pago de impuestos (número)","IC.TAX.PAYM","","","","","","","","","","","","","","","","","","","","","","","","","","","","","","","","","","","","","","","","","","","","","","22","22","22","22","22","8","8","8","8","8","8","8","9","8","8","","","","",
"Turquía","TUR","Pago de impuestos (número)","IC.TAX.PAYM","","","","","","","","","","","","","","","","","","","","","","","","","","","","","","","","","","","","","","","","","","","","","","10","10","10","10","10","10","10","10","10","10","10","10","10","10","10","","","","",
"Tuvalu","TUV","Pago de impuestos (número)","IC.TAX.PAYM","","","","","","","","","","","","","","","","","","","","","","","","","","","","","","","","","","","","","","","","","","","","","","","","","","","","","","","","","","","","","","","","",
"Tanzanía","TZA","Pago de impuestos (número)","IC.TAX.PAYM","","","","","","","","","","","","","","","","","","","","","","","","","","","","","","","","","","","","","","","","","","","","","","47","47","48","48","48","48","48","48","48","49","49","53","60","60","59","","","","",
"Uganda","UGA","Pago de impuestos (número)","IC.TAX.PAYM","","","","","","","","","","","","","","","","","","","","","","","","","","","","","","","","","","","","","","","","","","","","","","32","32","32","31","31","31","31","31","31","31","31","31","31","31","31","","","","",
"Ucrania","UKR","Pago de impuestos (número)","IC.TAX.PAYM","","","","","","","","","","","","","","","","","","","","","","","","","","","","","","","","","","","","","","","","","","","","","","147","147","147","147","147","135","135","28","28","5","5","5","5","5","5","","","","",
"Ingreso mediano alto","UMC","Pago de impuestos (número)","IC.TAX.PAYM","","","","","","","","","","","","","","","","","","","","","","","","","","","","","","","","","","","","","","","","","","","","","","40.2045454545455","39.8222222222222","39.4222222222222","35.6888888888889","34.8695652173913","33.695652173913","29.8260869565217","25.5744680851064","24.5021568627451","22.953137254902","21.8158823529412","19.5413725490196","18.6394117647059","19.0511764705882","18.7766666666667","","","","",
"Uruguay","URY","Pago de impuestos (número)","IC.TAX.PAYM","","","","","","","","","","","","","","","","","","","","","","","","","","","","","","","","","","","","","","","","","","","","","","55","55","53","53","53","53","53","33","33","31","31","20","20","20","20","","","","",
"Estados Unidos","USA","Pago de impuestos (número)","IC.TAX.PAYM","","","","","","","","","","","","","","","","","","","","","","","","","","","","","","","","","","","","","","","","","","","","","","","","","","","","","","10.6","10.6","10.6","10.6","10.6","10.6","10.6","","","","",
"Uzbekistán","UZB","Pago de impuestos (número)","IC.TAX.PAYM","","","","","","","","","","","","","","","","","","","","","","","","","","","","","","","","","","","","","","","","","","","","","","66","70","58","58","58","58","58","58","70","58","58","58","10","10","9","","","","",
"San Vicente y las Granadinas","VCT","Pago de impuestos (número)","IC.TAX.PAYM","","","","","","","","","","","","","","","","","","","","","","","","","","","","","","","","","","","","","","","","","","","","","","36","36","36","36","36","36","36","36","36","36","36","36","36","36","36","","","","",
"Venezuela","VEN","Pago de impuestos (número)","IC.TAX.PAYM","","","","","","","","","","","","","","","","","","","","","","","","","","","","","","","","","","","","","","","","","","","","","","69","69","70","70","71","70","70","70","70","70","70","70","71","71","99","","","","",
"Islas Vírgenes Británicas","VGB","Pago de impuestos (número)","IC.TAX.PAYM","","","","","","","","","","","","","","","","","","","","","","","","","","","","","","","","","","","","","","","","","","","","","","","","","","","","","","","","","","","","","","","","",
"Islas Vírgenes (EE.UU.)","VIR","Pago de impuestos (número)","IC.TAX.PAYM","","","","","","","","","","","","","","","","","","","","","","","","","","","","","","","","","","","","","","","","","","","","","","","","","","","","","","","","","","","","","","","","",
"Viet Nam","VNM","Pago de impuestos (número)","IC.TAX.PAYM","","","","","","","","","","","","","","","","","","","","","","","","","","","","","","","","","","","","","","","","","","","","","","32","32","32","32","44","44","44","44","45","45","43","31","14","10","6","","","","",
"Vanuatu","VUT","Pago de impuestos (número)","IC.TAX.PAYM","","","","","","","","","","","","","","","","","","","","","","","","","","","","","","","","","","","","","","","","","","","","","","31","31","31","31","31","31","31","31","31","31","31","31","31","31","31","","","","",
"Mundo","WLD","Pago de impuestos (número)","IC.TAX.PAYM","","","","","","","","","","","","","","","","","","","","","","","","","","","","","","","","","","","","","","","","","","","","","","34.558282208589","33.940119760479","33.2470588235294","32.093567251462","31.8081395348837","31.1744186046512","29.8620689655172","27.9101123595506","27.4143915343915","26.5466666666667","25.9329100529101","24.9540740740741","23.9690476190476","23.8428947368421","23.1218421052632","","","","",
"Samoa","WSM","Pago de impuestos (número)","IC.TAX.PAYM","","","","","","","","","","","","","","","","","","","","","","","","","","","","","","","","","","","","","","","","","","","","","","37","37","37","37","37","37","37","37","37","37","37","37","37","37","37","","","","",
"Kosovo","XKX","Pago de impuestos (número)","IC.TAX.PAYM","","","","","","","","","","","","","","","","","","","","","","","","","","","","","","","","","","","","","","","","","","","","","","","","","","33","33","33","33","33","33","32","10","10","10","10","","","","",
"Yemen, Rep. del","YEM","Pago de impuestos (número)","IC.TAX.PAYM","","","","","","","","","","","","","","","","","","","","","","","","","","","","","","","","","","","","","","","","","","","","","","44","44","44","44","44","44","44","44","44","44","44","44","44","44","44","","","","",
"Sudáfrica","ZAF","Pago de impuestos (número)","IC.TAX.PAYM","","","","","","","","","","","","","","","","","","","","","","","","","","","","","","","","","","","","","","","","","","","","","","12","12","11","9","9","9","8","8","7","7","7","7","7","7","7","","","","",
"Zambia","ZMB","Pago de impuestos (número)","IC.TAX.PAYM","","","","","","","","","","","","","","","","","","","","","","","","","","","","","","","","","","","","","","","","","","","","","","38","38","38","38","38","38","38","38","38","37","26","26","11","11","11","","","","",
"Zimbabwe","ZWE","Pago de impuestos (número)","IC.TAX.PAYM","","","","","","","","","","","","","","","","","","","","","","","","","","","","","","","","","","","","","","","","","","","","","","50","54","53","53","53","51","51","51","51","51","51","51","51","51","51","","","","",
